fiscal_year,statement,metric,value,unit,source_report_year,source_table,source_url
2017,income,revenue,96571.0,USD millions,2019,14,https://www.microsoft.com/investor/reports/ar19/index.html
2017,income,cogs,34261.0,USD millions,2019,14,https://www.microsoft.com/investor/reports/ar19/index.html
2017,income,gross_profit,62310.0,USD millions,2019,14,https://www.microsoft.com/investor/reports/ar19/index.html
2017,income,rd,13037.0,USD millions,2019,14,https://www.microsoft.com/investor/reports/ar19/index.html
2017,income,sales_marketing,15461.0,USD millions,2019,14,https://www.microsoft.com/investor/reports/ar19/index.html
2017,income,ga,4481.0,USD millions,2019,14,https://www.microsoft.com/investor/reports/ar19/index.html
2017,income,other_opex,306.0,USD millions,2019,14,https://www.microsoft.com/investor/reports/ar19/index.html
2017,income,operating_income,29025.0,USD millions,2019,14,https://www.microsoft.com/investor/reports/ar19/index.html
2017,income,other_income,876.0,USD millions,2019,14,https://www.microsoft.com/investor/reports/ar19/index.html
2017,income,pretax_income,29901.0,USD millions,2019,14,https://www.microsoft.com/investor/reports/ar19/index.html
2017,income,income_tax,4412.0,USD millions,2019,14,https://www.microsoft.com/investor/reports/ar19/index.html
2017,income,net_income,25489.0,USD millions,2019,14,https://www.microsoft.com/investor/reports/ar19/index.html
2017,income,eps_basic,3.29,USD per share,2019,14,https://www.microsoft.com/investor/reports/ar19/index.html
2017,income,eps_diluted,3.25,USD per share,2019,14,https://www.microsoft.com/investor/reports/ar19/index.html
2017,income,shares_basic,7746.0,million shares,2019,14,https://www.microsoft.com/investor/reports/ar19/index.html
2017,income,shares_diluted,7832.0,million shares,2019,14,https://www.microsoft.com/investor/reports/ar19/index.html
2017,balance,cash,7663.0,USD millions,2018,17,https://www.microsoft.com/investor/reports/ar18/index.html
2017,balance,st_investments,125318.0,USD millions,2018,17,https://www.microsoft.com/investor/reports/ar18/index.html
2017,balance,liquid_assets,132981.0,USD millions,2018,17,https://www.microsoft.com/investor/reports/ar18/index.html
2017,balance,receivables,22431.0,USD millions,2018,17,https://www.microsoft.com/investor/reports/ar18/index.html
2017,balance,inventory,2181.0,USD millions,2018,17,https://www.microsoft.com/investor/reports/ar18/index.html
2017,balance,other_current_assets,5103.0,USD millions,2018,17,https://www.microsoft.com/investor/reports/ar18/index.html
2017,balance,current_assets,162696.0,USD millions,2018,17,https://www.microsoft.com/investor/reports/ar18/index.html
2017,balance,ppe,23734.0,USD millions,2018,17,https://www.microsoft.com/investor/reports/ar18/index.html
2017,balance,op_rou,6555.0,USD millions,2018,17,https://www.microsoft.com/investor/reports/ar18/index.html
2017,balance,equity_investments,6023.0,USD millions,2018,17,https://www.microsoft.com/investor/reports/ar18/index.html
2017,balance,goodwill,35122.0,USD millions,2018,17,https://www.microsoft.com/investor/reports/ar18/index.html
2017,balance,intangibles,10106.0,USD millions,2018,17,https://www.microsoft.com/investor/reports/ar18/index.html
2017,balance,other_lt_assets,6076.0,USD millions,2018,17,https://www.microsoft.com/investor/reports/ar18/index.html
2017,balance,total_assets,250312.0,USD millions,2018,17,https://www.microsoft.com/investor/reports/ar18/index.html
2017,balance,payables,7390.0,USD millions,2018,17,https://www.microsoft.com/investor/reports/ar18/index.html
2017,balance,st_debt,9072.0,USD millions,2018,17,https://www.microsoft.com/investor/reports/ar18/index.html
2017,balance,current_debt,1049.0,USD millions,2018,17,https://www.microsoft.com/investor/reports/ar18/index.html
2017,balance,compensation,5819.0,USD millions,2018,17,https://www.microsoft.com/investor/reports/ar18/index.html
2017,balance,current_tax,718.0,USD millions,2018,17,https://www.microsoft.com/investor/reports/ar18/index.html
2017,balance,current_deferred_rev,24013.0,USD millions,2018,17,https://www.microsoft.com/investor/reports/ar18/index.html
2017,balance,other_current_liab,7684.0,USD millions,2018,17,https://www.microsoft.com/investor/reports/ar18/index.html
2017,balance,current_liabilities,55745.0,USD millions,2018,17,https://www.microsoft.com/investor/reports/ar18/index.html
2017,balance,long_debt,76073.0,USD millions,2018,17,https://www.microsoft.com/investor/reports/ar18/index.html
2017,balance,long_tax,13485.0,USD millions,2018,17,https://www.microsoft.com/investor/reports/ar18/index.html
2017,balance,long_deferred_rev,2643.0,USD millions,2018,17,https://www.microsoft.com/investor/reports/ar18/index.html
2017,balance,deferred_tax_liab,5734.0,USD millions,2018,17,https://www.microsoft.com/investor/reports/ar18/index.html
2017,balance,op_lease_long,5372.0,USD millions,2018,17,https://www.microsoft.com/investor/reports/ar18/index.html
2017,balance,other_lt_liab,3549.0,USD millions,2018,17,https://www.microsoft.com/investor/reports/ar18/index.html
2017,balance,total_liabilities,162601.0,USD millions,2018,17,https://www.microsoft.com/investor/reports/ar18/index.html
2017,balance,paid_in_capital,69315.0,USD millions,2018,17,https://www.microsoft.com/investor/reports/ar18/index.html
2017,balance,retained_earnings,17769.0,USD millions,2018,17,https://www.microsoft.com/investor/reports/ar18/index.html
2017,balance,aoci,627.0,USD millions,2018,17,https://www.microsoft.com/investor/reports/ar18/index.html
2017,balance,total_equity,87711.0,USD millions,2018,17,https://www.microsoft.com/investor/reports/ar18/index.html
2017,balance,total_le,250312.0,USD millions,2018,17,https://www.microsoft.com/investor/reports/ar18/index.html
2017,balance,securities_lending,0.0,USD millions,2018,17,https://www.microsoft.com/investor/reports/ar18/index.html
2017,cashflow,net_income,25489.0,USD millions,2019,17,https://www.microsoft.com/investor/reports/ar19/index.html
2017,cashflow,da_other,8778.0,USD millions,2019,17,https://www.microsoft.com/investor/reports/ar19/index.html
2017,cashflow,sbc,3266.0,USD millions,2019,17,https://www.microsoft.com/investor/reports/ar19/index.html
2017,cashflow,investment_adjustment,-2073.0,USD millions,2019,17,https://www.microsoft.com/investor/reports/ar19/index.html
2017,cashflow,deferred_taxes,-829.0,USD millions,2019,17,https://www.microsoft.com/investor/reports/ar19/index.html
2017,cashflow,ar_change,-1216.0,USD millions,2019,17,https://www.microsoft.com/investor/reports/ar19/index.html
2017,cashflow,inventory_change,50.0,USD millions,2019,17,https://www.microsoft.com/investor/reports/ar19/index.html
2017,cashflow,other_ca_change,1028.0,USD millions,2019,17,https://www.microsoft.com/investor/reports/ar19/index.html
2017,cashflow,other_lta_change,-917.0,USD millions,2019,17,https://www.microsoft.com/investor/reports/ar19/index.html
2017,cashflow,ap_change,81.0,USD millions,2019,17,https://www.microsoft.com/investor/reports/ar19/index.html
2017,cashflow,deferred_rev_change,3820.0,USD millions,2019,17,https://www.microsoft.com/investor/reports/ar19/index.html
2017,cashflow,tax_change,1792.0,USD millions,2019,17,https://www.microsoft.com/investor/reports/ar19/index.html
2017,cashflow,other_cl_change,356.0,USD millions,2019,17,https://www.microsoft.com/investor/reports/ar19/index.html
2017,cashflow,other_ltl_change,-118.0,USD millions,2019,17,https://www.microsoft.com/investor/reports/ar19/index.html
2017,cashflow,cfo,39507.0,USD millions,2019,17,https://www.microsoft.com/investor/reports/ar19/index.html
2017,cashflow,net_st_debt,-4963.0,USD millions,2019,17,https://www.microsoft.com/investor/reports/ar19/index.html
2017,cashflow,debt_issued,44344.0,USD millions,2019,17,https://www.microsoft.com/investor/reports/ar19/index.html
2017,cashflow,debt_repaid,-7922.0,USD millions,2019,17,https://www.microsoft.com/investor/reports/ar19/index.html
2017,cashflow,stock_issued,772.0,USD millions,2019,17,https://www.microsoft.com/investor/reports/ar19/index.html
2017,cashflow,buybacks,-11788.0,USD millions,2019,17,https://www.microsoft.com/investor/reports/ar19/index.html
2017,cashflow,dividends,-11845.0,USD millions,2019,17,https://www.microsoft.com/investor/reports/ar19/index.html
2017,cashflow,other_financing,-190.0,USD millions,2019,17,https://www.microsoft.com/investor/reports/ar19/index.html
2017,cashflow,cff,8408.0,USD millions,2019,17,https://www.microsoft.com/investor/reports/ar19/index.html
2017,cashflow,capex,-8129.0,USD millions,2019,17,https://www.microsoft.com/investor/reports/ar19/index.html
2017,cashflow,acquisitions,-25944.0,USD millions,2019,17,https://www.microsoft.com/investor/reports/ar19/index.html
2017,cashflow,investments_purchased,-176905.0,USD millions,2019,17,https://www.microsoft.com/investor/reports/ar19/index.html
2017,cashflow,investments_matured,28044.0,USD millions,2019,17,https://www.microsoft.com/investor/reports/ar19/index.html
2017,cashflow,investments_sold,136350.0,USD millions,2019,17,https://www.microsoft.com/investor/reports/ar19/index.html
2017,cashflow,securities_lending_cf,-197.0,USD millions,2019,17,https://www.microsoft.com/investor/reports/ar19/index.html
2017,cashflow,cfi,-46781.0,USD millions,2019,17,https://www.microsoft.com/investor/reports/ar19/index.html
2017,cashflow,fx_cash,19.0,USD millions,2019,17,https://www.microsoft.com/investor/reports/ar19/index.html
2017,cashflow,cash_change,1153.0,USD millions,2019,17,https://www.microsoft.com/investor/reports/ar19/index.html
2017,cashflow,opening_cash,6510.0,USD millions,2019,17,https://www.microsoft.com/investor/reports/ar19/index.html
2017,cashflow,closing_cash,7663.0,USD millions,2019,17,https://www.microsoft.com/investor/reports/ar19/index.html
2017,cashflow,impairments,0.0,USD millions,2019,17,https://www.microsoft.com/investor/reports/ar19/index.html
2017,cashflow,other_investing,0.0,USD millions,2019,17,https://www.microsoft.com/investor/reports/ar19/index.html
2017,cashflow,debt_exchange_cash_premium,0.0,USD millions,2019,17,https://www.microsoft.com/investor/reports/ar19/index.html
2017,cashflow,other_operating_adjustments,0.0,USD millions,2019,17,https://www.microsoft.com/investor/reports/ar19/index.html
2018,income,revenue,110360.0,USD millions,2020,17,https://www.microsoft.com/investor/reports/ar20/index.html
2018,income,cogs,38353.0,USD millions,2020,17,https://www.microsoft.com/investor/reports/ar20/index.html
2018,income,gross_profit,72007.0,USD millions,2020,17,https://www.microsoft.com/investor/reports/ar20/index.html
2018,income,rd,14726.0,USD millions,2020,17,https://www.microsoft.com/investor/reports/ar20/index.html
2018,income,sales_marketing,17469.0,USD millions,2020,17,https://www.microsoft.com/investor/reports/ar20/index.html
2018,income,ga,4754.0,USD millions,2020,17,https://www.microsoft.com/investor/reports/ar20/index.html
2018,income,operating_income,35058.0,USD millions,2020,17,https://www.microsoft.com/investor/reports/ar20/index.html
2018,income,other_income,1416.0,USD millions,2020,17,https://www.microsoft.com/investor/reports/ar20/index.html
2018,income,pretax_income,36474.0,USD millions,2020,17,https://www.microsoft.com/investor/reports/ar20/index.html
2018,income,income_tax,19903.0,USD millions,2020,17,https://www.microsoft.com/investor/reports/ar20/index.html
2018,income,net_income,16571.0,USD millions,2020,17,https://www.microsoft.com/investor/reports/ar20/index.html
2018,income,eps_basic,2.15,USD per share,2020,17,https://www.microsoft.com/investor/reports/ar20/index.html
2018,income,eps_diluted,2.13,USD per share,2020,17,https://www.microsoft.com/investor/reports/ar20/index.html
2018,income,shares_basic,7700.0,million shares,2020,17,https://www.microsoft.com/investor/reports/ar20/index.html
2018,income,shares_diluted,7794.0,million shares,2020,17,https://www.microsoft.com/investor/reports/ar20/index.html
2018,income,other_opex,0.0,USD millions,2020,17,https://www.microsoft.com/investor/reports/ar20/index.html
2018,balance,cash,11946.0,USD millions,2019,16,https://www.microsoft.com/investor/reports/ar19/index.html
2018,balance,st_investments,121822.0,USD millions,2019,16,https://www.microsoft.com/investor/reports/ar19/index.html
2018,balance,liquid_assets,133768.0,USD millions,2019,16,https://www.microsoft.com/investor/reports/ar19/index.html
2018,balance,receivables,26481.0,USD millions,2019,16,https://www.microsoft.com/investor/reports/ar19/index.html
2018,balance,inventory,2662.0,USD millions,2019,16,https://www.microsoft.com/investor/reports/ar19/index.html
2018,balance,other_current_assets,6751.0,USD millions,2019,16,https://www.microsoft.com/investor/reports/ar19/index.html
2018,balance,current_assets,169662.0,USD millions,2019,16,https://www.microsoft.com/investor/reports/ar19/index.html
2018,balance,ppe,29460.0,USD millions,2019,16,https://www.microsoft.com/investor/reports/ar19/index.html
2018,balance,op_rou,6686.0,USD millions,2019,16,https://www.microsoft.com/investor/reports/ar19/index.html
2018,balance,equity_investments,1862.0,USD millions,2019,16,https://www.microsoft.com/investor/reports/ar19/index.html
2018,balance,goodwill,35683.0,USD millions,2019,16,https://www.microsoft.com/investor/reports/ar19/index.html
2018,balance,intangibles,8053.0,USD millions,2019,16,https://www.microsoft.com/investor/reports/ar19/index.html
2018,balance,other_lt_assets,7442.0,USD millions,2019,16,https://www.microsoft.com/investor/reports/ar19/index.html
2018,balance,total_assets,258848.0,USD millions,2019,16,https://www.microsoft.com/investor/reports/ar19/index.html
2018,balance,payables,8617.0,USD millions,2019,16,https://www.microsoft.com/investor/reports/ar19/index.html
2018,balance,current_debt,3998.0,USD millions,2019,16,https://www.microsoft.com/investor/reports/ar19/index.html
2018,balance,compensation,6103.0,USD millions,2019,16,https://www.microsoft.com/investor/reports/ar19/index.html
2018,balance,current_tax,2121.0,USD millions,2019,16,https://www.microsoft.com/investor/reports/ar19/index.html
2018,balance,current_deferred_rev,28905.0,USD millions,2019,16,https://www.microsoft.com/investor/reports/ar19/index.html
2018,balance,other_current_liab,8744.0,USD millions,2019,16,https://www.microsoft.com/investor/reports/ar19/index.html
2018,balance,current_liabilities,58488.0,USD millions,2019,16,https://www.microsoft.com/investor/reports/ar19/index.html
2018,balance,long_debt,72242.0,USD millions,2019,16,https://www.microsoft.com/investor/reports/ar19/index.html
2018,balance,long_tax,30265.0,USD millions,2019,16,https://www.microsoft.com/investor/reports/ar19/index.html
2018,balance,long_deferred_rev,3815.0,USD millions,2019,16,https://www.microsoft.com/investor/reports/ar19/index.html
2018,balance,deferred_tax_liab,541.0,USD millions,2019,16,https://www.microsoft.com/investor/reports/ar19/index.html
2018,balance,op_lease_long,5568.0,USD millions,2019,16,https://www.microsoft.com/investor/reports/ar19/index.html
2018,balance,other_lt_liab,5211.0,USD millions,2019,16,https://www.microsoft.com/investor/reports/ar19/index.html
2018,balance,total_liabilities,176130.0,USD millions,2019,16,https://www.microsoft.com/investor/reports/ar19/index.html
2018,balance,paid_in_capital,71223.0,USD millions,2019,16,https://www.microsoft.com/investor/reports/ar19/index.html
2018,balance,retained_earnings,13682.0,USD millions,2019,16,https://www.microsoft.com/investor/reports/ar19/index.html
2018,balance,aoci,-2187.0,USD millions,2019,16,https://www.microsoft.com/investor/reports/ar19/index.html
2018,balance,total_equity,82718.0,USD millions,2019,16,https://www.microsoft.com/investor/reports/ar19/index.html
2018,balance,total_le,258848.0,USD millions,2019,16,https://www.microsoft.com/investor/reports/ar19/index.html
2018,balance,st_debt,0.0,USD millions,2019,16,https://www.microsoft.com/investor/reports/ar19/index.html
2018,balance,securities_lending,0.0,USD millions,2019,16,https://www.microsoft.com/investor/reports/ar19/index.html
2018,cashflow,net_income,16571.0,USD millions,2020,20,https://www.microsoft.com/investor/reports/ar20/index.html
2018,cashflow,da_other,10261.0,USD millions,2020,20,https://www.microsoft.com/investor/reports/ar20/index.html
2018,cashflow,sbc,3940.0,USD millions,2020,20,https://www.microsoft.com/investor/reports/ar20/index.html
2018,cashflow,investment_adjustment,-2212.0,USD millions,2020,20,https://www.microsoft.com/investor/reports/ar20/index.html
2018,cashflow,deferred_taxes,-5143.0,USD millions,2020,20,https://www.microsoft.com/investor/reports/ar20/index.html
2018,cashflow,ar_change,-3862.0,USD millions,2020,20,https://www.microsoft.com/investor/reports/ar20/index.html
2018,cashflow,inventory_change,-465.0,USD millions,2020,20,https://www.microsoft.com/investor/reports/ar20/index.html
2018,cashflow,other_ca_change,-952.0,USD millions,2020,20,https://www.microsoft.com/investor/reports/ar20/index.html
2018,cashflow,other_lta_change,-285.0,USD millions,2020,20,https://www.microsoft.com/investor/reports/ar20/index.html
2018,cashflow,ap_change,1148.0,USD millions,2020,20,https://www.microsoft.com/investor/reports/ar20/index.html
2018,cashflow,deferred_rev_change,5922.0,USD millions,2020,20,https://www.microsoft.com/investor/reports/ar20/index.html
2018,cashflow,tax_change,18183.0,USD millions,2020,20,https://www.microsoft.com/investor/reports/ar20/index.html
2018,cashflow,other_cl_change,798.0,USD millions,2020,20,https://www.microsoft.com/investor/reports/ar20/index.html
2018,cashflow,other_ltl_change,-20.0,USD millions,2020,20,https://www.microsoft.com/investor/reports/ar20/index.html
2018,cashflow,cfo,43884.0,USD millions,2020,20,https://www.microsoft.com/investor/reports/ar20/index.html
2018,cashflow,net_st_debt,-7324.0,USD millions,2020,20,https://www.microsoft.com/investor/reports/ar20/index.html
2018,cashflow,debt_issued,7183.0,USD millions,2020,20,https://www.microsoft.com/investor/reports/ar20/index.html
2018,cashflow,debt_exchange_cash_premium,0.0,USD millions,2020,20,https://www.microsoft.com/investor/reports/ar20/index.html
2018,cashflow,debt_repaid,-10060.0,USD millions,2020,20,https://www.microsoft.com/investor/reports/ar20/index.html
2018,cashflow,stock_issued,1002.0,USD millions,2020,20,https://www.microsoft.com/investor/reports/ar20/index.html
2018,cashflow,buybacks,-10721.0,USD millions,2020,20,https://www.microsoft.com/investor/reports/ar20/index.html
2018,cashflow,dividends,-12699.0,USD millions,2020,20,https://www.microsoft.com/investor/reports/ar20/index.html
2018,cashflow,other_financing,-971.0,USD millions,2020,20,https://www.microsoft.com/investor/reports/ar20/index.html
2018,cashflow,cff,-33590.0,USD millions,2020,20,https://www.microsoft.com/investor/reports/ar20/index.html
2018,cashflow,capex,-11632.0,USD millions,2020,20,https://www.microsoft.com/investor/reports/ar20/index.html
2018,cashflow,acquisitions,-888.0,USD millions,2020,20,https://www.microsoft.com/investor/reports/ar20/index.html
2018,cashflow,investments_purchased,-137380.0,USD millions,2020,20,https://www.microsoft.com/investor/reports/ar20/index.html
2018,cashflow,investments_matured,26360.0,USD millions,2020,20,https://www.microsoft.com/investor/reports/ar20/index.html
2018,cashflow,investments_sold,117577.0,USD millions,2020,20,https://www.microsoft.com/investor/reports/ar20/index.html
2018,cashflow,other_investing,-98.0,USD millions,2020,20,https://www.microsoft.com/investor/reports/ar20/index.html
2018,cashflow,cfi,-6061.0,USD millions,2020,20,https://www.microsoft.com/investor/reports/ar20/index.html
2018,cashflow,fx_cash,50.0,USD millions,2020,20,https://www.microsoft.com/investor/reports/ar20/index.html
2018,cashflow,cash_change,4283.0,USD millions,2020,20,https://www.microsoft.com/investor/reports/ar20/index.html
2018,cashflow,opening_cash,7663.0,USD millions,2020,20,https://www.microsoft.com/investor/reports/ar20/index.html
2018,cashflow,closing_cash,11946.0,USD millions,2020,20,https://www.microsoft.com/investor/reports/ar20/index.html
2018,cashflow,impairments,0.0,USD millions,2020,20,https://www.microsoft.com/investor/reports/ar20/index.html
2018,cashflow,securities_lending_cf,0.0,USD millions,2020,20,https://www.microsoft.com/investor/reports/ar20/index.html
2018,cashflow,other_operating_adjustments,0.0,USD millions,2020,20,https://www.microsoft.com/investor/reports/ar20/index.html
2019,income,revenue,125843.0,USD millions,2021,16,https://www.microsoft.com/investor/reports/ar21/index.html
2019,income,cogs,42910.0,USD millions,2021,16,https://www.microsoft.com/investor/reports/ar21/index.html
2019,income,gross_profit,82933.0,USD millions,2021,16,https://www.microsoft.com/investor/reports/ar21/index.html
2019,income,rd,16876.0,USD millions,2021,16,https://www.microsoft.com/investor/reports/ar21/index.html
2019,income,sales_marketing,18213.0,USD millions,2021,16,https://www.microsoft.com/investor/reports/ar21/index.html
2019,income,ga,4885.0,USD millions,2021,16,https://www.microsoft.com/investor/reports/ar21/index.html
2019,income,operating_income,42959.0,USD millions,2021,16,https://www.microsoft.com/investor/reports/ar21/index.html
2019,income,other_income,729.0,USD millions,2021,16,https://www.microsoft.com/investor/reports/ar21/index.html
2019,income,pretax_income,43688.0,USD millions,2021,16,https://www.microsoft.com/investor/reports/ar21/index.html
2019,income,income_tax,4448.0,USD millions,2021,16,https://www.microsoft.com/investor/reports/ar21/index.html
2019,income,net_income,39240.0,USD millions,2021,16,https://www.microsoft.com/investor/reports/ar21/index.html
2019,income,eps_basic,5.11,USD per share,2021,16,https://www.microsoft.com/investor/reports/ar21/index.html
2019,income,eps_diluted,5.06,USD per share,2021,16,https://www.microsoft.com/investor/reports/ar21/index.html
2019,income,shares_basic,7673.0,million shares,2021,16,https://www.microsoft.com/investor/reports/ar21/index.html
2019,income,shares_diluted,7753.0,million shares,2021,16,https://www.microsoft.com/investor/reports/ar21/index.html
2019,income,other_opex,0.0,USD millions,2021,16,https://www.microsoft.com/investor/reports/ar21/index.html
2019,balance,cash,11356.0,USD millions,2020,19,https://www.microsoft.com/investor/reports/ar20/index.html
2019,balance,st_investments,122463.0,USD millions,2020,19,https://www.microsoft.com/investor/reports/ar20/index.html
2019,balance,liquid_assets,133819.0,USD millions,2020,19,https://www.microsoft.com/investor/reports/ar20/index.html
2019,balance,receivables,29524.0,USD millions,2020,19,https://www.microsoft.com/investor/reports/ar20/index.html
2019,balance,inventory,2063.0,USD millions,2020,19,https://www.microsoft.com/investor/reports/ar20/index.html
2019,balance,other_current_assets,10146.0,USD millions,2020,19,https://www.microsoft.com/investor/reports/ar20/index.html
2019,balance,current_assets,175552.0,USD millions,2020,19,https://www.microsoft.com/investor/reports/ar20/index.html
2019,balance,ppe,36477.0,USD millions,2020,19,https://www.microsoft.com/investor/reports/ar20/index.html
2019,balance,op_rou,7379.0,USD millions,2020,19,https://www.microsoft.com/investor/reports/ar20/index.html
2019,balance,equity_investments,2649.0,USD millions,2020,19,https://www.microsoft.com/investor/reports/ar20/index.html
2019,balance,goodwill,42026.0,USD millions,2020,19,https://www.microsoft.com/investor/reports/ar20/index.html
2019,balance,intangibles,7750.0,USD millions,2020,19,https://www.microsoft.com/investor/reports/ar20/index.html
2019,balance,other_lt_assets,14723.0,USD millions,2020,19,https://www.microsoft.com/investor/reports/ar20/index.html
2019,balance,total_assets,286556.0,USD millions,2020,19,https://www.microsoft.com/investor/reports/ar20/index.html
2019,balance,payables,9382.0,USD millions,2020,19,https://www.microsoft.com/investor/reports/ar20/index.html
2019,balance,current_debt,5516.0,USD millions,2020,19,https://www.microsoft.com/investor/reports/ar20/index.html
2019,balance,compensation,6830.0,USD millions,2020,19,https://www.microsoft.com/investor/reports/ar20/index.html
2019,balance,current_tax,5665.0,USD millions,2020,19,https://www.microsoft.com/investor/reports/ar20/index.html
2019,balance,current_deferred_rev,32676.0,USD millions,2020,19,https://www.microsoft.com/investor/reports/ar20/index.html
2019,balance,other_current_liab,9351.0,USD millions,2020,19,https://www.microsoft.com/investor/reports/ar20/index.html
2019,balance,current_liabilities,69420.0,USD millions,2020,19,https://www.microsoft.com/investor/reports/ar20/index.html
2019,balance,long_debt,66662.0,USD millions,2020,19,https://www.microsoft.com/investor/reports/ar20/index.html
2019,balance,long_tax,29612.0,USD millions,2020,19,https://www.microsoft.com/investor/reports/ar20/index.html
2019,balance,long_deferred_rev,4530.0,USD millions,2020,19,https://www.microsoft.com/investor/reports/ar20/index.html
2019,balance,deferred_tax_liab,233.0,USD millions,2020,19,https://www.microsoft.com/investor/reports/ar20/index.html
2019,balance,op_lease_long,6188.0,USD millions,2020,19,https://www.microsoft.com/investor/reports/ar20/index.html
2019,balance,other_lt_liab,7581.0,USD millions,2020,19,https://www.microsoft.com/investor/reports/ar20/index.html
2019,balance,total_liabilities,184226.0,USD millions,2020,19,https://www.microsoft.com/investor/reports/ar20/index.html
2019,balance,paid_in_capital,78520.0,USD millions,2020,19,https://www.microsoft.com/investor/reports/ar20/index.html
2019,balance,retained_earnings,24150.0,USD millions,2020,19,https://www.microsoft.com/investor/reports/ar20/index.html
2019,balance,aoci,-340.0,USD millions,2020,19,https://www.microsoft.com/investor/reports/ar20/index.html
2019,balance,total_equity,102330.0,USD millions,2020,19,https://www.microsoft.com/investor/reports/ar20/index.html
2019,balance,total_le,286556.0,USD millions,2020,19,https://www.microsoft.com/investor/reports/ar20/index.html
2019,balance,st_debt,0.0,USD millions,2020,19,https://www.microsoft.com/investor/reports/ar20/index.html
2019,balance,securities_lending,0.0,USD millions,2020,19,https://www.microsoft.com/investor/reports/ar20/index.html
2019,cashflow,net_income,39240.0,USD millions,2021,19,https://www.microsoft.com/investor/reports/ar21/index.html
2019,cashflow,da_other,11682.0,USD millions,2021,19,https://www.microsoft.com/investor/reports/ar21/index.html
2019,cashflow,sbc,4652.0,USD millions,2021,19,https://www.microsoft.com/investor/reports/ar21/index.html
2019,cashflow,investment_adjustment,-792.0,USD millions,2021,19,https://www.microsoft.com/investor/reports/ar21/index.html
2019,cashflow,deferred_taxes,-6463.0,USD millions,2021,19,https://www.microsoft.com/investor/reports/ar21/index.html
2019,cashflow,ar_change,-2812.0,USD millions,2021,19,https://www.microsoft.com/investor/reports/ar21/index.html
2019,cashflow,inventory_change,597.0,USD millions,2021,19,https://www.microsoft.com/investor/reports/ar21/index.html
2019,cashflow,other_ca_change,-1718.0,USD millions,2021,19,https://www.microsoft.com/investor/reports/ar21/index.html
2019,cashflow,other_lta_change,-1834.0,USD millions,2021,19,https://www.microsoft.com/investor/reports/ar21/index.html
2019,cashflow,ap_change,232.0,USD millions,2021,19,https://www.microsoft.com/investor/reports/ar21/index.html
2019,cashflow,deferred_rev_change,4462.0,USD millions,2021,19,https://www.microsoft.com/investor/reports/ar21/index.html
2019,cashflow,tax_change,2929.0,USD millions,2021,19,https://www.microsoft.com/investor/reports/ar21/index.html
2019,cashflow,other_cl_change,1419.0,USD millions,2021,19,https://www.microsoft.com/investor/reports/ar21/index.html
2019,cashflow,other_ltl_change,591.0,USD millions,2021,19,https://www.microsoft.com/investor/reports/ar21/index.html
2019,cashflow,cfo,52185.0,USD millions,2021,19,https://www.microsoft.com/investor/reports/ar21/index.html
2019,cashflow,debt_exchange_cash_premium,0.0,USD millions,2021,19,https://www.microsoft.com/investor/reports/ar21/index.html
2019,cashflow,debt_repaid,-4000.0,USD millions,2021,19,https://www.microsoft.com/investor/reports/ar21/index.html
2019,cashflow,stock_issued,1142.0,USD millions,2021,19,https://www.microsoft.com/investor/reports/ar21/index.html
2019,cashflow,buybacks,-19543.0,USD millions,2021,19,https://www.microsoft.com/investor/reports/ar21/index.html
2019,cashflow,dividends,-13811.0,USD millions,2021,19,https://www.microsoft.com/investor/reports/ar21/index.html
2019,cashflow,other_financing,-675.0,USD millions,2021,19,https://www.microsoft.com/investor/reports/ar21/index.html
2019,cashflow,cff,-36887.0,USD millions,2021,19,https://www.microsoft.com/investor/reports/ar21/index.html
2019,cashflow,capex,-13925.0,USD millions,2021,19,https://www.microsoft.com/investor/reports/ar21/index.html
2019,cashflow,acquisitions,-2388.0,USD millions,2021,19,https://www.microsoft.com/investor/reports/ar21/index.html
2019,cashflow,investments_purchased,-57697.0,USD millions,2021,19,https://www.microsoft.com/investor/reports/ar21/index.html
2019,cashflow,investments_matured,20043.0,USD millions,2021,19,https://www.microsoft.com/investor/reports/ar21/index.html
2019,cashflow,investments_sold,38194.0,USD millions,2021,19,https://www.microsoft.com/investor/reports/ar21/index.html
2019,cashflow,other_investing,0.0,USD millions,2021,19,https://www.microsoft.com/investor/reports/ar21/index.html
2019,cashflow,cfi,-15773.0,USD millions,2021,19,https://www.microsoft.com/investor/reports/ar21/index.html
2019,cashflow,fx_cash,-115.0,USD millions,2021,19,https://www.microsoft.com/investor/reports/ar21/index.html
2019,cashflow,cash_change,-590.0,USD millions,2021,19,https://www.microsoft.com/investor/reports/ar21/index.html
2019,cashflow,opening_cash,11946.0,USD millions,2021,19,https://www.microsoft.com/investor/reports/ar21/index.html
2019,cashflow,closing_cash,11356.0,USD millions,2021,19,https://www.microsoft.com/investor/reports/ar21/index.html
2019,cashflow,impairments,0.0,USD millions,2021,19,https://www.microsoft.com/investor/reports/ar21/index.html
2019,cashflow,securities_lending_cf,0.0,USD millions,2021,19,https://www.microsoft.com/investor/reports/ar21/index.html
2019,cashflow,debt_issued,0.0,USD millions,2021,19,https://www.microsoft.com/investor/reports/ar21/index.html
2019,cashflow,net_st_debt,0.0,USD millions,2021,19,https://www.microsoft.com/investor/reports/ar21/index.html
2019,cashflow,other_operating_adjustments,0.0,USD millions,2021,19,https://www.microsoft.com/investor/reports/ar21/index.html
2020,income,revenue,143015.0,USD millions,2022,16,https://www.microsoft.com/investor/reports/ar22/index.html
2020,income,cogs,46078.0,USD millions,2022,16,https://www.microsoft.com/investor/reports/ar22/index.html
2020,income,gross_profit,96937.0,USD millions,2022,16,https://www.microsoft.com/investor/reports/ar22/index.html
2020,income,rd,19269.0,USD millions,2022,16,https://www.microsoft.com/investor/reports/ar22/index.html
2020,income,sales_marketing,19598.0,USD millions,2022,16,https://www.microsoft.com/investor/reports/ar22/index.html
2020,income,ga,5111.0,USD millions,2022,16,https://www.microsoft.com/investor/reports/ar22/index.html
2020,income,operating_income,52959.0,USD millions,2022,16,https://www.microsoft.com/investor/reports/ar22/index.html
2020,income,other_income,77.0,USD millions,2022,16,https://www.microsoft.com/investor/reports/ar22/index.html
2020,income,pretax_income,53036.0,USD millions,2022,16,https://www.microsoft.com/investor/reports/ar22/index.html
2020,income,income_tax,8755.0,USD millions,2022,16,https://www.microsoft.com/investor/reports/ar22/index.html
2020,income,net_income,44281.0,USD millions,2022,16,https://www.microsoft.com/investor/reports/ar22/index.html
2020,income,eps_basic,5.82,USD per share,2022,16,https://www.microsoft.com/investor/reports/ar22/index.html
2020,income,eps_diluted,5.76,USD per share,2022,16,https://www.microsoft.com/investor/reports/ar22/index.html
2020,income,shares_basic,7610.0,million shares,2022,16,https://www.microsoft.com/investor/reports/ar22/index.html
2020,income,shares_diluted,7683.0,million shares,2022,16,https://www.microsoft.com/investor/reports/ar22/index.html
2020,income,other_opex,0.0,USD millions,2022,16,https://www.microsoft.com/investor/reports/ar22/index.html
2020,balance,cash,13576.0,USD millions,2021,18,https://www.microsoft.com/investor/reports/ar21/index.html
2020,balance,st_investments,122951.0,USD millions,2021,18,https://www.microsoft.com/investor/reports/ar21/index.html
2020,balance,liquid_assets,136527.0,USD millions,2021,18,https://www.microsoft.com/investor/reports/ar21/index.html
2020,balance,receivables,32011.0,USD millions,2021,18,https://www.microsoft.com/investor/reports/ar21/index.html
2020,balance,inventory,1895.0,USD millions,2021,18,https://www.microsoft.com/investor/reports/ar21/index.html
2020,balance,other_current_assets,11482.0,USD millions,2021,18,https://www.microsoft.com/investor/reports/ar21/index.html
2020,balance,current_assets,181915.0,USD millions,2021,18,https://www.microsoft.com/investor/reports/ar21/index.html
2020,balance,ppe,44151.0,USD millions,2021,18,https://www.microsoft.com/investor/reports/ar21/index.html
2020,balance,op_rou,8753.0,USD millions,2021,18,https://www.microsoft.com/investor/reports/ar21/index.html
2020,balance,equity_investments,2965.0,USD millions,2021,18,https://www.microsoft.com/investor/reports/ar21/index.html
2020,balance,goodwill,43351.0,USD millions,2021,18,https://www.microsoft.com/investor/reports/ar21/index.html
2020,balance,intangibles,7038.0,USD millions,2021,18,https://www.microsoft.com/investor/reports/ar21/index.html
2020,balance,other_lt_assets,13138.0,USD millions,2021,18,https://www.microsoft.com/investor/reports/ar21/index.html
2020,balance,total_assets,301311.0,USD millions,2021,18,https://www.microsoft.com/investor/reports/ar21/index.html
2020,balance,payables,12530.0,USD millions,2021,18,https://www.microsoft.com/investor/reports/ar21/index.html
2020,balance,current_debt,3749.0,USD millions,2021,18,https://www.microsoft.com/investor/reports/ar21/index.html
2020,balance,compensation,7874.0,USD millions,2021,18,https://www.microsoft.com/investor/reports/ar21/index.html
2020,balance,current_tax,2130.0,USD millions,2021,18,https://www.microsoft.com/investor/reports/ar21/index.html
2020,balance,current_deferred_rev,36000.0,USD millions,2021,18,https://www.microsoft.com/investor/reports/ar21/index.html
2020,balance,other_current_liab,10027.0,USD millions,2021,18,https://www.microsoft.com/investor/reports/ar21/index.html
2020,balance,current_liabilities,72310.0,USD millions,2021,18,https://www.microsoft.com/investor/reports/ar21/index.html
2020,balance,long_debt,59578.0,USD millions,2021,18,https://www.microsoft.com/investor/reports/ar21/index.html
2020,balance,long_tax,29432.0,USD millions,2021,18,https://www.microsoft.com/investor/reports/ar21/index.html
2020,balance,long_deferred_rev,3180.0,USD millions,2021,18,https://www.microsoft.com/investor/reports/ar21/index.html
2020,balance,deferred_tax_liab,204.0,USD millions,2021,18,https://www.microsoft.com/investor/reports/ar21/index.html
2020,balance,op_lease_long,7671.0,USD millions,2021,18,https://www.microsoft.com/investor/reports/ar21/index.html
2020,balance,other_lt_liab,10632.0,USD millions,2021,18,https://www.microsoft.com/investor/reports/ar21/index.html
2020,balance,total_liabilities,183007.0,USD millions,2021,18,https://www.microsoft.com/investor/reports/ar21/index.html
2020,balance,paid_in_capital,80552.0,USD millions,2021,18,https://www.microsoft.com/investor/reports/ar21/index.html
2020,balance,retained_earnings,34566.0,USD millions,2021,18,https://www.microsoft.com/investor/reports/ar21/index.html
2020,balance,aoci,3186.0,USD millions,2021,18,https://www.microsoft.com/investor/reports/ar21/index.html
2020,balance,total_equity,118304.0,USD millions,2021,18,https://www.microsoft.com/investor/reports/ar21/index.html
2020,balance,total_le,301311.0,USD millions,2021,18,https://www.microsoft.com/investor/reports/ar21/index.html
2020,balance,st_debt,0.0,USD millions,2021,18,https://www.microsoft.com/investor/reports/ar21/index.html
2020,balance,securities_lending,0.0,USD millions,2021,18,https://www.microsoft.com/investor/reports/ar21/index.html
2020,cashflow,net_income,44281.0,USD millions,2022,19,https://www.microsoft.com/investor/reports/ar22/index.html
2020,cashflow,da_other,12796.0,USD millions,2022,19,https://www.microsoft.com/investor/reports/ar22/index.html
2020,cashflow,sbc,5289.0,USD millions,2022,19,https://www.microsoft.com/investor/reports/ar22/index.html
2020,cashflow,investment_adjustment,-219.0,USD millions,2022,19,https://www.microsoft.com/investor/reports/ar22/index.html
2020,cashflow,deferred_taxes,11.0,USD millions,2022,19,https://www.microsoft.com/investor/reports/ar22/index.html
2020,cashflow,ar_change,-2577.0,USD millions,2022,19,https://www.microsoft.com/investor/reports/ar22/index.html
2020,cashflow,inventory_change,168.0,USD millions,2022,19,https://www.microsoft.com/investor/reports/ar22/index.html
2020,cashflow,other_ca_change,-2330.0,USD millions,2022,19,https://www.microsoft.com/investor/reports/ar22/index.html
2020,cashflow,other_lta_change,-1037.0,USD millions,2022,19,https://www.microsoft.com/investor/reports/ar22/index.html
2020,cashflow,ap_change,3018.0,USD millions,2022,19,https://www.microsoft.com/investor/reports/ar22/index.html
2020,cashflow,deferred_rev_change,2212.0,USD millions,2022,19,https://www.microsoft.com/investor/reports/ar22/index.html
2020,cashflow,tax_change,-3631.0,USD millions,2022,19,https://www.microsoft.com/investor/reports/ar22/index.html
2020,cashflow,other_cl_change,1346.0,USD millions,2022,19,https://www.microsoft.com/investor/reports/ar22/index.html
2020,cashflow,other_ltl_change,1348.0,USD millions,2022,19,https://www.microsoft.com/investor/reports/ar22/index.html
2020,cashflow,cfo,60675.0,USD millions,2022,19,https://www.microsoft.com/investor/reports/ar22/index.html
2020,cashflow,debt_exchange_cash_premium,-3417.0,USD millions,2022,19,https://www.microsoft.com/investor/reports/ar22/index.html
2020,cashflow,debt_repaid,-5518.0,USD millions,2022,19,https://www.microsoft.com/investor/reports/ar22/index.html
2020,cashflow,stock_issued,1343.0,USD millions,2022,19,https://www.microsoft.com/investor/reports/ar22/index.html
2020,cashflow,buybacks,-22968.0,USD millions,2022,19,https://www.microsoft.com/investor/reports/ar22/index.html
2020,cashflow,dividends,-15137.0,USD millions,2022,19,https://www.microsoft.com/investor/reports/ar22/index.html
2020,cashflow,other_financing,-3751.0,USD millions,2022,19,https://www.microsoft.com/investor/reports/ar22/index.html
2020,cashflow,cff,-46031.0,USD millions,2022,19,https://www.microsoft.com/investor/reports/ar22/index.html
2020,cashflow,capex,-15441.0,USD millions,2022,19,https://www.microsoft.com/investor/reports/ar22/index.html
2020,cashflow,acquisitions,-2521.0,USD millions,2022,19,https://www.microsoft.com/investor/reports/ar22/index.html
2020,cashflow,investments_purchased,-77190.0,USD millions,2022,19,https://www.microsoft.com/investor/reports/ar22/index.html
2020,cashflow,investments_matured,66449.0,USD millions,2022,19,https://www.microsoft.com/investor/reports/ar22/index.html
2020,cashflow,investments_sold,17721.0,USD millions,2022,19,https://www.microsoft.com/investor/reports/ar22/index.html
2020,cashflow,other_investing,-1241.0,USD millions,2022,19,https://www.microsoft.com/investor/reports/ar22/index.html
2020,cashflow,cfi,-12223.0,USD millions,2022,19,https://www.microsoft.com/investor/reports/ar22/index.html
2020,cashflow,fx_cash,-201.0,USD millions,2022,19,https://www.microsoft.com/investor/reports/ar22/index.html
2020,cashflow,cash_change,2220.0,USD millions,2022,19,https://www.microsoft.com/investor/reports/ar22/index.html
2020,cashflow,opening_cash,11356.0,USD millions,2022,19,https://www.microsoft.com/investor/reports/ar22/index.html
2020,cashflow,closing_cash,13576.0,USD millions,2022,19,https://www.microsoft.com/investor/reports/ar22/index.html
2020,cashflow,impairments,0.0,USD millions,2022,19,https://www.microsoft.com/investor/reports/ar22/index.html
2020,cashflow,securities_lending_cf,0.0,USD millions,2022,19,https://www.microsoft.com/investor/reports/ar22/index.html
2020,cashflow,debt_issued,0.0,USD millions,2022,19,https://www.microsoft.com/investor/reports/ar22/index.html
2020,cashflow,net_st_debt,0.0,USD millions,2022,19,https://www.microsoft.com/investor/reports/ar22/index.html
2020,cashflow,other_operating_adjustments,0.0,USD millions,2022,19,https://www.microsoft.com/investor/reports/ar22/index.html
2021,income,revenue,168088.0,USD millions,2023,16,https://www.microsoft.com/investor/reports/ar23/index.html
2021,income,cogs,52232.0,USD millions,2023,16,https://www.microsoft.com/investor/reports/ar23/index.html
2021,income,gross_profit,115856.0,USD millions,2023,16,https://www.microsoft.com/investor/reports/ar23/index.html
2021,income,rd,20716.0,USD millions,2023,16,https://www.microsoft.com/investor/reports/ar23/index.html
2021,income,sales_marketing,20117.0,USD millions,2023,16,https://www.microsoft.com/investor/reports/ar23/index.html
2021,income,ga,5107.0,USD millions,2023,16,https://www.microsoft.com/investor/reports/ar23/index.html
2021,income,operating_income,69916.0,USD millions,2023,16,https://www.microsoft.com/investor/reports/ar23/index.html
2021,income,other_income,1186.0,USD millions,2023,16,https://www.microsoft.com/investor/reports/ar23/index.html
2021,income,pretax_income,71102.0,USD millions,2023,16,https://www.microsoft.com/investor/reports/ar23/index.html
2021,income,income_tax,9831.0,USD millions,2023,16,https://www.microsoft.com/investor/reports/ar23/index.html
2021,income,net_income,61271.0,USD millions,2023,16,https://www.microsoft.com/investor/reports/ar23/index.html
2021,income,eps_basic,8.12,USD per share,2023,16,https://www.microsoft.com/investor/reports/ar23/index.html
2021,income,eps_diluted,8.05,USD per share,2023,16,https://www.microsoft.com/investor/reports/ar23/index.html
2021,income,shares_basic,7547.0,million shares,2023,16,https://www.microsoft.com/investor/reports/ar23/index.html
2021,income,shares_diluted,7608.0,million shares,2023,16,https://www.microsoft.com/investor/reports/ar23/index.html
2021,income,other_opex,0.0,USD millions,2023,16,https://www.microsoft.com/investor/reports/ar23/index.html
2021,balance,cash,14224.0,USD millions,2022,18,https://www.microsoft.com/investor/reports/ar22/index.html
2021,balance,st_investments,116110.0,USD millions,2022,18,https://www.microsoft.com/investor/reports/ar22/index.html
2021,balance,liquid_assets,130334.0,USD millions,2022,18,https://www.microsoft.com/investor/reports/ar22/index.html
2021,balance,receivables,38043.0,USD millions,2022,18,https://www.microsoft.com/investor/reports/ar22/index.html
2021,balance,inventory,2636.0,USD millions,2022,18,https://www.microsoft.com/investor/reports/ar22/index.html
2021,balance,other_current_assets,13393.0,USD millions,2022,18,https://www.microsoft.com/investor/reports/ar22/index.html
2021,balance,current_assets,184406.0,USD millions,2022,18,https://www.microsoft.com/investor/reports/ar22/index.html
2021,balance,ppe,59715.0,USD millions,2022,18,https://www.microsoft.com/investor/reports/ar22/index.html
2021,balance,op_rou,11088.0,USD millions,2022,18,https://www.microsoft.com/investor/reports/ar22/index.html
2021,balance,equity_investments,5984.0,USD millions,2022,18,https://www.microsoft.com/investor/reports/ar22/index.html
2021,balance,goodwill,49711.0,USD millions,2022,18,https://www.microsoft.com/investor/reports/ar22/index.html
2021,balance,intangibles,7800.0,USD millions,2022,18,https://www.microsoft.com/investor/reports/ar22/index.html
2021,balance,other_lt_assets,15075.0,USD millions,2022,18,https://www.microsoft.com/investor/reports/ar22/index.html
2021,balance,total_assets,333779.0,USD millions,2022,18,https://www.microsoft.com/investor/reports/ar22/index.html
2021,balance,payables,15163.0,USD millions,2022,18,https://www.microsoft.com/investor/reports/ar22/index.html
2021,balance,current_debt,8072.0,USD millions,2022,18,https://www.microsoft.com/investor/reports/ar22/index.html
2021,balance,compensation,10057.0,USD millions,2022,18,https://www.microsoft.com/investor/reports/ar22/index.html
2021,balance,current_tax,2174.0,USD millions,2022,18,https://www.microsoft.com/investor/reports/ar22/index.html
2021,balance,current_deferred_rev,41525.0,USD millions,2022,18,https://www.microsoft.com/investor/reports/ar22/index.html
2021,balance,other_current_liab,11666.0,USD millions,2022,18,https://www.microsoft.com/investor/reports/ar22/index.html
2021,balance,current_liabilities,88657.0,USD millions,2022,18,https://www.microsoft.com/investor/reports/ar22/index.html
2021,balance,long_debt,50074.0,USD millions,2022,18,https://www.microsoft.com/investor/reports/ar22/index.html
2021,balance,long_tax,27190.0,USD millions,2022,18,https://www.microsoft.com/investor/reports/ar22/index.html
2021,balance,long_deferred_rev,2616.0,USD millions,2022,18,https://www.microsoft.com/investor/reports/ar22/index.html
2021,balance,deferred_tax_liab,198.0,USD millions,2022,18,https://www.microsoft.com/investor/reports/ar22/index.html
2021,balance,op_lease_long,9629.0,USD millions,2022,18,https://www.microsoft.com/investor/reports/ar22/index.html
2021,balance,other_lt_liab,13427.0,USD millions,2022,18,https://www.microsoft.com/investor/reports/ar22/index.html
2021,balance,total_liabilities,191791.0,USD millions,2022,18,https://www.microsoft.com/investor/reports/ar22/index.html
2021,balance,paid_in_capital,83111.0,USD millions,2022,18,https://www.microsoft.com/investor/reports/ar22/index.html
2021,balance,retained_earnings,57055.0,USD millions,2022,18,https://www.microsoft.com/investor/reports/ar22/index.html
2021,balance,aoci,1822.0,USD millions,2022,18,https://www.microsoft.com/investor/reports/ar22/index.html
2021,balance,total_equity,141988.0,USD millions,2022,18,https://www.microsoft.com/investor/reports/ar22/index.html
2021,balance,total_le,333779.0,USD millions,2022,18,https://www.microsoft.com/investor/reports/ar22/index.html
2021,balance,st_debt,0.0,USD millions,2022,18,https://www.microsoft.com/investor/reports/ar22/index.html
2021,balance,securities_lending,0.0,USD millions,2022,18,https://www.microsoft.com/investor/reports/ar22/index.html
2021,cashflow,net_income,61271.0,USD millions,2023,19,https://www.microsoft.com/investor/reports/ar23/index.html
2021,cashflow,da_other,11686.0,USD millions,2023,19,https://www.microsoft.com/investor/reports/ar23/index.html
2021,cashflow,sbc,6118.0,USD millions,2023,19,https://www.microsoft.com/investor/reports/ar23/index.html
2021,cashflow,investment_adjustment,-1249.0,USD millions,2023,19,https://www.microsoft.com/investor/reports/ar23/index.html
2021,cashflow,deferred_taxes,-150.0,USD millions,2023,19,https://www.microsoft.com/investor/reports/ar23/index.html
2021,cashflow,ar_change,-6481.0,USD millions,2023,19,https://www.microsoft.com/investor/reports/ar23/index.html
2021,cashflow,inventory_change,-737.0,USD millions,2023,19,https://www.microsoft.com/investor/reports/ar23/index.html
2021,cashflow,other_ca_change,-932.0,USD millions,2023,19,https://www.microsoft.com/investor/reports/ar23/index.html
2021,cashflow,other_lta_change,-3459.0,USD millions,2023,19,https://www.microsoft.com/investor/reports/ar23/index.html
2021,cashflow,ap_change,2798.0,USD millions,2023,19,https://www.microsoft.com/investor/reports/ar23/index.html
2021,cashflow,deferred_rev_change,4633.0,USD millions,2023,19,https://www.microsoft.com/investor/reports/ar23/index.html
2021,cashflow,tax_change,-2309.0,USD millions,2023,19,https://www.microsoft.com/investor/reports/ar23/index.html
2021,cashflow,other_cl_change,4149.0,USD millions,2023,19,https://www.microsoft.com/investor/reports/ar23/index.html
2021,cashflow,other_ltl_change,1402.0,USD millions,2023,19,https://www.microsoft.com/investor/reports/ar23/index.html
2021,cashflow,cfo,76740.0,USD millions,2023,19,https://www.microsoft.com/investor/reports/ar23/index.html
2021,cashflow,debt_exchange_cash_premium,-1754.0,USD millions,2023,19,https://www.microsoft.com/investor/reports/ar23/index.html
2021,cashflow,debt_repaid,-3750.0,USD millions,2023,19,https://www.microsoft.com/investor/reports/ar23/index.html
2021,cashflow,stock_issued,1693.0,USD millions,2023,19,https://www.microsoft.com/investor/reports/ar23/index.html
2021,cashflow,buybacks,-27385.0,USD millions,2023,19,https://www.microsoft.com/investor/reports/ar23/index.html
2021,cashflow,dividends,-16521.0,USD millions,2023,19,https://www.microsoft.com/investor/reports/ar23/index.html
2021,cashflow,other_financing,-2523.0,USD millions,2023,19,https://www.microsoft.com/investor/reports/ar23/index.html
2021,cashflow,cff,-48486.0,USD millions,2023,19,https://www.microsoft.com/investor/reports/ar23/index.html
2021,cashflow,capex,-20622.0,USD millions,2023,19,https://www.microsoft.com/investor/reports/ar23/index.html
2021,cashflow,acquisitions,-8909.0,USD millions,2023,19,https://www.microsoft.com/investor/reports/ar23/index.html
2021,cashflow,investments_purchased,-62924.0,USD millions,2023,19,https://www.microsoft.com/investor/reports/ar23/index.html
2021,cashflow,investments_matured,51792.0,USD millions,2023,19,https://www.microsoft.com/investor/reports/ar23/index.html
2021,cashflow,investments_sold,14008.0,USD millions,2023,19,https://www.microsoft.com/investor/reports/ar23/index.html
2021,cashflow,other_investing,-922.0,USD millions,2023,19,https://www.microsoft.com/investor/reports/ar23/index.html
2021,cashflow,cfi,-27577.0,USD millions,2023,19,https://www.microsoft.com/investor/reports/ar23/index.html
2021,cashflow,fx_cash,-29.0,USD millions,2023,19,https://www.microsoft.com/investor/reports/ar23/index.html
2021,cashflow,cash_change,648.0,USD millions,2023,19,https://www.microsoft.com/investor/reports/ar23/index.html
2021,cashflow,opening_cash,13576.0,USD millions,2023,19,https://www.microsoft.com/investor/reports/ar23/index.html
2021,cashflow,closing_cash,14224.0,USD millions,2023,19,https://www.microsoft.com/investor/reports/ar23/index.html
2021,cashflow,impairments,0.0,USD millions,2023,19,https://www.microsoft.com/investor/reports/ar23/index.html
2021,cashflow,securities_lending_cf,0.0,USD millions,2023,19,https://www.microsoft.com/investor/reports/ar23/index.html
2021,cashflow,debt_issued,0.0,USD millions,2023,19,https://www.microsoft.com/investor/reports/ar23/index.html
2021,cashflow,net_st_debt,0.0,USD millions,2023,19,https://www.microsoft.com/investor/reports/ar23/index.html
2021,cashflow,other_operating_adjustments,0.0,USD millions,2023,19,https://www.microsoft.com/investor/reports/ar23/index.html
2022,income,revenue,198270.0,USD millions,2024,16,https://www.microsoft.com/investor/reports/ar24/index.html
2022,income,cogs,62650.0,USD millions,2024,16,https://www.microsoft.com/investor/reports/ar24/index.html
2022,income,gross_profit,135620.0,USD millions,2024,16,https://www.microsoft.com/investor/reports/ar24/index.html
2022,income,rd,24512.0,USD millions,2024,16,https://www.microsoft.com/investor/reports/ar24/index.html
2022,income,sales_marketing,21825.0,USD millions,2024,16,https://www.microsoft.com/investor/reports/ar24/index.html
2022,income,ga,5900.0,USD millions,2024,16,https://www.microsoft.com/investor/reports/ar24/index.html
2022,income,operating_income,83383.0,USD millions,2024,16,https://www.microsoft.com/investor/reports/ar24/index.html
2022,income,other_income,333.0,USD millions,2024,16,https://www.microsoft.com/investor/reports/ar24/index.html
2022,income,pretax_income,83716.0,USD millions,2024,16,https://www.microsoft.com/investor/reports/ar24/index.html
2022,income,income_tax,10978.0,USD millions,2024,16,https://www.microsoft.com/investor/reports/ar24/index.html
2022,income,net_income,72738.0,USD millions,2024,16,https://www.microsoft.com/investor/reports/ar24/index.html
2022,income,eps_basic,9.7,USD per share,2024,16,https://www.microsoft.com/investor/reports/ar24/index.html
2022,income,eps_diluted,9.65,USD per share,2024,16,https://www.microsoft.com/investor/reports/ar24/index.html
2022,income,shares_basic,7496.0,million shares,2024,16,https://www.microsoft.com/investor/reports/ar24/index.html
2022,income,shares_diluted,7540.0,million shares,2024,16,https://www.microsoft.com/investor/reports/ar24/index.html
2022,income,other_opex,0.0,USD millions,2024,16,https://www.microsoft.com/investor/reports/ar24/index.html
2022,balance,cash,13931.0,USD millions,2023,18,https://www.microsoft.com/investor/reports/ar23/index.html
2022,balance,st_investments,90826.0,USD millions,2023,18,https://www.microsoft.com/investor/reports/ar23/index.html
2022,balance,liquid_assets,104757.0,USD millions,2023,18,https://www.microsoft.com/investor/reports/ar23/index.html
2022,balance,receivables,44261.0,USD millions,2023,18,https://www.microsoft.com/investor/reports/ar23/index.html
2022,balance,inventory,3742.0,USD millions,2023,18,https://www.microsoft.com/investor/reports/ar23/index.html
2022,balance,other_current_assets,16924.0,USD millions,2023,18,https://www.microsoft.com/investor/reports/ar23/index.html
2022,balance,current_assets,169684.0,USD millions,2023,18,https://www.microsoft.com/investor/reports/ar23/index.html
2022,balance,ppe,74398.0,USD millions,2023,18,https://www.microsoft.com/investor/reports/ar23/index.html
2022,balance,op_rou,13148.0,USD millions,2023,18,https://www.microsoft.com/investor/reports/ar23/index.html
2022,balance,equity_investments,6891.0,USD millions,2023,18,https://www.microsoft.com/investor/reports/ar23/index.html
2022,balance,goodwill,67524.0,USD millions,2023,18,https://www.microsoft.com/investor/reports/ar23/index.html
2022,balance,intangibles,11298.0,USD millions,2023,18,https://www.microsoft.com/investor/reports/ar23/index.html
2022,balance,other_lt_assets,21897.0,USD millions,2023,18,https://www.microsoft.com/investor/reports/ar23/index.html
2022,balance,total_assets,364840.0,USD millions,2023,18,https://www.microsoft.com/investor/reports/ar23/index.html
2022,balance,payables,19000.0,USD millions,2023,18,https://www.microsoft.com/investor/reports/ar23/index.html
2022,balance,current_debt,2749.0,USD millions,2023,18,https://www.microsoft.com/investor/reports/ar23/index.html
2022,balance,compensation,10661.0,USD millions,2023,18,https://www.microsoft.com/investor/reports/ar23/index.html
2022,balance,current_tax,4067.0,USD millions,2023,18,https://www.microsoft.com/investor/reports/ar23/index.html
2022,balance,current_deferred_rev,45538.0,USD millions,2023,18,https://www.microsoft.com/investor/reports/ar23/index.html
2022,balance,other_current_liab,13067.0,USD millions,2023,18,https://www.microsoft.com/investor/reports/ar23/index.html
2022,balance,current_liabilities,95082.0,USD millions,2023,18,https://www.microsoft.com/investor/reports/ar23/index.html
2022,balance,long_debt,47032.0,USD millions,2023,18,https://www.microsoft.com/investor/reports/ar23/index.html
2022,balance,long_tax,26069.0,USD millions,2023,18,https://www.microsoft.com/investor/reports/ar23/index.html
2022,balance,long_deferred_rev,2870.0,USD millions,2023,18,https://www.microsoft.com/investor/reports/ar23/index.html
2022,balance,deferred_tax_liab,230.0,USD millions,2023,18,https://www.microsoft.com/investor/reports/ar23/index.html
2022,balance,op_lease_long,11489.0,USD millions,2023,18,https://www.microsoft.com/investor/reports/ar23/index.html
2022,balance,other_lt_liab,15526.0,USD millions,2023,18,https://www.microsoft.com/investor/reports/ar23/index.html
2022,balance,total_liabilities,198298.0,USD millions,2023,18,https://www.microsoft.com/investor/reports/ar23/index.html
2022,balance,paid_in_capital,86939.0,USD millions,2023,18,https://www.microsoft.com/investor/reports/ar23/index.html
2022,balance,retained_earnings,84281.0,USD millions,2023,18,https://www.microsoft.com/investor/reports/ar23/index.html
2022,balance,aoci,-4678.0,USD millions,2023,18,https://www.microsoft.com/investor/reports/ar23/index.html
2022,balance,total_equity,166542.0,USD millions,2023,18,https://www.microsoft.com/investor/reports/ar23/index.html
2022,balance,total_le,364840.0,USD millions,2023,18,https://www.microsoft.com/investor/reports/ar23/index.html
2022,balance,st_debt,0.0,USD millions,2023,18,https://www.microsoft.com/investor/reports/ar23/index.html
2022,balance,securities_lending,0.0,USD millions,2023,18,https://www.microsoft.com/investor/reports/ar23/index.html
2022,cashflow,net_income,72738.0,USD millions,2024,19,https://www.microsoft.com/investor/reports/ar24/index.html
2022,cashflow,da_other,14460.0,USD millions,2024,19,https://www.microsoft.com/investor/reports/ar24/index.html
2022,cashflow,sbc,7502.0,USD millions,2024,19,https://www.microsoft.com/investor/reports/ar24/index.html
2022,cashflow,investment_adjustment,-409.0,USD millions,2024,19,https://www.microsoft.com/investor/reports/ar24/index.html
2022,cashflow,deferred_taxes,-5702.0,USD millions,2024,19,https://www.microsoft.com/investor/reports/ar24/index.html
2022,cashflow,ar_change,-6834.0,USD millions,2024,19,https://www.microsoft.com/investor/reports/ar24/index.html
2022,cashflow,inventory_change,-1123.0,USD millions,2024,19,https://www.microsoft.com/investor/reports/ar24/index.html
2022,cashflow,other_ca_change,-709.0,USD millions,2024,19,https://www.microsoft.com/investor/reports/ar24/index.html
2022,cashflow,other_lta_change,-2805.0,USD millions,2024,19,https://www.microsoft.com/investor/reports/ar24/index.html
2022,cashflow,ap_change,2943.0,USD millions,2024,19,https://www.microsoft.com/investor/reports/ar24/index.html
2022,cashflow,deferred_rev_change,5109.0,USD millions,2024,19,https://www.microsoft.com/investor/reports/ar24/index.html
2022,cashflow,tax_change,696.0,USD millions,2024,19,https://www.microsoft.com/investor/reports/ar24/index.html
2022,cashflow,other_cl_change,2344.0,USD millions,2024,19,https://www.microsoft.com/investor/reports/ar24/index.html
2022,cashflow,other_ltl_change,825.0,USD millions,2024,19,https://www.microsoft.com/investor/reports/ar24/index.html
2022,cashflow,cfo,89035.0,USD millions,2024,19,https://www.microsoft.com/investor/reports/ar24/index.html
2022,cashflow,net_st_debt,0.0,USD millions,2024,19,https://www.microsoft.com/investor/reports/ar24/index.html
2022,cashflow,debt_issued,0.0,USD millions,2024,19,https://www.microsoft.com/investor/reports/ar24/index.html
2022,cashflow,debt_repaid,-9023.0,USD millions,2024,19,https://www.microsoft.com/investor/reports/ar24/index.html
2022,cashflow,stock_issued,1841.0,USD millions,2024,19,https://www.microsoft.com/investor/reports/ar24/index.html
2022,cashflow,buybacks,-32696.0,USD millions,2024,19,https://www.microsoft.com/investor/reports/ar24/index.html
2022,cashflow,dividends,-18135.0,USD millions,2024,19,https://www.microsoft.com/investor/reports/ar24/index.html
2022,cashflow,other_financing,-863.0,USD millions,2024,19,https://www.microsoft.com/investor/reports/ar24/index.html
2022,cashflow,cff,-58876.0,USD millions,2024,19,https://www.microsoft.com/investor/reports/ar24/index.html
2022,cashflow,capex,-23886.0,USD millions,2024,19,https://www.microsoft.com/investor/reports/ar24/index.html
2022,cashflow,acquisitions,-22038.0,USD millions,2024,19,https://www.microsoft.com/investor/reports/ar24/index.html
2022,cashflow,investments_purchased,-26456.0,USD millions,2024,19,https://www.microsoft.com/investor/reports/ar24/index.html
2022,cashflow,investments_matured,16451.0,USD millions,2024,19,https://www.microsoft.com/investor/reports/ar24/index.html
2022,cashflow,investments_sold,28443.0,USD millions,2024,19,https://www.microsoft.com/investor/reports/ar24/index.html
2022,cashflow,other_investing,-2825.0,USD millions,2024,19,https://www.microsoft.com/investor/reports/ar24/index.html
2022,cashflow,cfi,-30311.0,USD millions,2024,19,https://www.microsoft.com/investor/reports/ar24/index.html
2022,cashflow,fx_cash,-141.0,USD millions,2024,19,https://www.microsoft.com/investor/reports/ar24/index.html
2022,cashflow,cash_change,-293.0,USD millions,2024,19,https://www.microsoft.com/investor/reports/ar24/index.html
2022,cashflow,opening_cash,14224.0,USD millions,2024,19,https://www.microsoft.com/investor/reports/ar24/index.html
2022,cashflow,closing_cash,13931.0,USD millions,2024,19,https://www.microsoft.com/investor/reports/ar24/index.html
2022,cashflow,impairments,0.0,USD millions,2024,19,https://www.microsoft.com/investor/reports/ar24/index.html
2022,cashflow,securities_lending_cf,0.0,USD millions,2024,19,https://www.microsoft.com/investor/reports/ar24/index.html
2022,cashflow,debt_exchange_cash_premium,0.0,USD millions,2024,19,https://www.microsoft.com/investor/reports/ar24/index.html
2022,cashflow,other_operating_adjustments,0.0,USD millions,2024,19,https://www.microsoft.com/investor/reports/ar24/index.html
2023,income,revenue,211915.0,USD millions,2025,15,https://www.microsoft.com/investor/reports/ar25/index.html
2023,income,cogs,65863.0,USD millions,2025,15,https://www.microsoft.com/investor/reports/ar25/index.html
2023,income,gross_profit,146052.0,USD millions,2025,15,https://www.microsoft.com/investor/reports/ar25/index.html
2023,income,rd,27195.0,USD millions,2025,15,https://www.microsoft.com/investor/reports/ar25/index.html
2023,income,sales_marketing,22759.0,USD millions,2025,15,https://www.microsoft.com/investor/reports/ar25/index.html
2023,income,ga,7575.0,USD millions,2025,15,https://www.microsoft.com/investor/reports/ar25/index.html
2023,income,operating_income,88523.0,USD millions,2025,15,https://www.microsoft.com/investor/reports/ar25/index.html
2023,income,other_income,788.0,USD millions,2025,15,https://www.microsoft.com/investor/reports/ar25/index.html
2023,income,pretax_income,89311.0,USD millions,2025,15,https://www.microsoft.com/investor/reports/ar25/index.html
2023,income,income_tax,16950.0,USD millions,2025,15,https://www.microsoft.com/investor/reports/ar25/index.html
2023,income,net_income,72361.0,USD millions,2025,15,https://www.microsoft.com/investor/reports/ar25/index.html
2023,income,eps_basic,9.72,USD per share,2025,15,https://www.microsoft.com/investor/reports/ar25/index.html
2023,income,eps_diluted,9.68,USD per share,2025,15,https://www.microsoft.com/investor/reports/ar25/index.html
2023,income,shares_basic,7446.0,million shares,2025,15,https://www.microsoft.com/investor/reports/ar25/index.html
2023,income,shares_diluted,7472.0,million shares,2025,15,https://www.microsoft.com/investor/reports/ar25/index.html
2023,income,other_opex,0.0,USD millions,2025,15,https://www.microsoft.com/investor/reports/ar25/index.html
2023,balance,cash,34704.0,USD millions,2024,18,https://www.microsoft.com/investor/reports/ar24/index.html
2023,balance,st_investments,76558.0,USD millions,2024,18,https://www.microsoft.com/investor/reports/ar24/index.html
2023,balance,liquid_assets,111262.0,USD millions,2024,18,https://www.microsoft.com/investor/reports/ar24/index.html
2023,balance,receivables,48688.0,USD millions,2024,18,https://www.microsoft.com/investor/reports/ar24/index.html
2023,balance,inventory,2500.0,USD millions,2024,18,https://www.microsoft.com/investor/reports/ar24/index.html
2023,balance,other_current_assets,21807.0,USD millions,2024,18,https://www.microsoft.com/investor/reports/ar24/index.html
2023,balance,current_assets,184257.0,USD millions,2024,18,https://www.microsoft.com/investor/reports/ar24/index.html
2023,balance,ppe,95641.0,USD millions,2024,18,https://www.microsoft.com/investor/reports/ar24/index.html
2023,balance,op_rou,14346.0,USD millions,2024,18,https://www.microsoft.com/investor/reports/ar24/index.html
2023,balance,equity_investments,9879.0,USD millions,2024,18,https://www.microsoft.com/investor/reports/ar24/index.html
2023,balance,goodwill,67886.0,USD millions,2024,18,https://www.microsoft.com/investor/reports/ar24/index.html
2023,balance,intangibles,9366.0,USD millions,2024,18,https://www.microsoft.com/investor/reports/ar24/index.html
2023,balance,other_lt_assets,30601.0,USD millions,2024,18,https://www.microsoft.com/investor/reports/ar24/index.html
2023,balance,total_assets,411976.0,USD millions,2024,18,https://www.microsoft.com/investor/reports/ar24/index.html
2023,balance,payables,18095.0,USD millions,2024,18,https://www.microsoft.com/investor/reports/ar24/index.html
2023,balance,st_debt,0.0,USD millions,2024,18,https://www.microsoft.com/investor/reports/ar24/index.html
2023,balance,current_debt,5247.0,USD millions,2024,18,https://www.microsoft.com/investor/reports/ar24/index.html
2023,balance,compensation,11009.0,USD millions,2024,18,https://www.microsoft.com/investor/reports/ar24/index.html
2023,balance,current_tax,4152.0,USD millions,2024,18,https://www.microsoft.com/investor/reports/ar24/index.html
2023,balance,current_deferred_rev,50901.0,USD millions,2024,18,https://www.microsoft.com/investor/reports/ar24/index.html
2023,balance,other_current_liab,14745.0,USD millions,2024,18,https://www.microsoft.com/investor/reports/ar24/index.html
2023,balance,current_liabilities,104149.0,USD millions,2024,18,https://www.microsoft.com/investor/reports/ar24/index.html
2023,balance,long_debt,41990.0,USD millions,2024,18,https://www.microsoft.com/investor/reports/ar24/index.html
2023,balance,long_tax,25560.0,USD millions,2024,18,https://www.microsoft.com/investor/reports/ar24/index.html
2023,balance,long_deferred_rev,2912.0,USD millions,2024,18,https://www.microsoft.com/investor/reports/ar24/index.html
2023,balance,deferred_tax_liab,433.0,USD millions,2024,18,https://www.microsoft.com/investor/reports/ar24/index.html
2023,balance,op_lease_long,12728.0,USD millions,2024,18,https://www.microsoft.com/investor/reports/ar24/index.html
2023,balance,other_lt_liab,17981.0,USD millions,2024,18,https://www.microsoft.com/investor/reports/ar24/index.html
2023,balance,total_liabilities,205753.0,USD millions,2024,18,https://www.microsoft.com/investor/reports/ar24/index.html
2023,balance,paid_in_capital,93718.0,USD millions,2024,18,https://www.microsoft.com/investor/reports/ar24/index.html
2023,balance,retained_earnings,118848.0,USD millions,2024,18,https://www.microsoft.com/investor/reports/ar24/index.html
2023,balance,aoci,-6343.0,USD millions,2024,18,https://www.microsoft.com/investor/reports/ar24/index.html
2023,balance,total_equity,206223.0,USD millions,2024,18,https://www.microsoft.com/investor/reports/ar24/index.html
2023,balance,total_le,411976.0,USD millions,2024,18,https://www.microsoft.com/investor/reports/ar24/index.html
2023,balance,securities_lending,0.0,USD millions,2024,18,https://www.microsoft.com/investor/reports/ar24/index.html
2023,cashflow,net_income,72361.0,USD millions,2025,18,https://www.microsoft.com/investor/reports/ar25/index.html
2023,cashflow,da_other,13861.0,USD millions,2025,18,https://www.microsoft.com/investor/reports/ar25/index.html
2023,cashflow,sbc,9611.0,USD millions,2025,18,https://www.microsoft.com/investor/reports/ar25/index.html
2023,cashflow,investment_adjustment,196.0,USD millions,2025,18,https://www.microsoft.com/investor/reports/ar25/index.html
2023,cashflow,deferred_taxes,-6059.0,USD millions,2025,18,https://www.microsoft.com/investor/reports/ar25/index.html
2023,cashflow,ar_change,-4087.0,USD millions,2025,18,https://www.microsoft.com/investor/reports/ar25/index.html
2023,cashflow,inventory_change,1242.0,USD millions,2025,18,https://www.microsoft.com/investor/reports/ar25/index.html
2023,cashflow,other_ca_change,-1991.0,USD millions,2025,18,https://www.microsoft.com/investor/reports/ar25/index.html
2023,cashflow,other_lta_change,-2833.0,USD millions,2025,18,https://www.microsoft.com/investor/reports/ar25/index.html
2023,cashflow,ap_change,-2721.0,USD millions,2025,18,https://www.microsoft.com/investor/reports/ar25/index.html
2023,cashflow,deferred_rev_change,5535.0,USD millions,2025,18,https://www.microsoft.com/investor/reports/ar25/index.html
2023,cashflow,tax_change,-358.0,USD millions,2025,18,https://www.microsoft.com/investor/reports/ar25/index.html
2023,cashflow,other_cl_change,2272.0,USD millions,2025,18,https://www.microsoft.com/investor/reports/ar25/index.html
2023,cashflow,other_ltl_change,553.0,USD millions,2025,18,https://www.microsoft.com/investor/reports/ar25/index.html
2023,cashflow,cfo,87582.0,USD millions,2025,18,https://www.microsoft.com/investor/reports/ar25/index.html
2023,cashflow,net_st_debt,0.0,USD millions,2025,18,https://www.microsoft.com/investor/reports/ar25/index.html
2023,cashflow,debt_issued,0.0,USD millions,2025,18,https://www.microsoft.com/investor/reports/ar25/index.html
2023,cashflow,debt_repaid,-2750.0,USD millions,2025,18,https://www.microsoft.com/investor/reports/ar25/index.html
2023,cashflow,stock_issued,1866.0,USD millions,2025,18,https://www.microsoft.com/investor/reports/ar25/index.html
2023,cashflow,buybacks,-22245.0,USD millions,2025,18,https://www.microsoft.com/investor/reports/ar25/index.html
2023,cashflow,dividends,-19800.0,USD millions,2025,18,https://www.microsoft.com/investor/reports/ar25/index.html
2023,cashflow,other_financing,-1006.0,USD millions,2025,18,https://www.microsoft.com/investor/reports/ar25/index.html
2023,cashflow,cff,-43935.0,USD millions,2025,18,https://www.microsoft.com/investor/reports/ar25/index.html
2023,cashflow,capex,-28107.0,USD millions,2025,18,https://www.microsoft.com/investor/reports/ar25/index.html
2023,cashflow,acquisitions,-1670.0,USD millions,2025,18,https://www.microsoft.com/investor/reports/ar25/index.html
2023,cashflow,investments_purchased,-37651.0,USD millions,2025,18,https://www.microsoft.com/investor/reports/ar25/index.html
2023,cashflow,investments_matured,33510.0,USD millions,2025,18,https://www.microsoft.com/investor/reports/ar25/index.html
2023,cashflow,investments_sold,14354.0,USD millions,2025,18,https://www.microsoft.com/investor/reports/ar25/index.html
2023,cashflow,other_investing,-3116.0,USD millions,2025,18,https://www.microsoft.com/investor/reports/ar25/index.html
2023,cashflow,cfi,-22680.0,USD millions,2025,18,https://www.microsoft.com/investor/reports/ar25/index.html
2023,cashflow,fx_cash,-194.0,USD millions,2025,18,https://www.microsoft.com/investor/reports/ar25/index.html
2023,cashflow,cash_change,20773.0,USD millions,2025,18,https://www.microsoft.com/investor/reports/ar25/index.html
2023,cashflow,opening_cash,13931.0,USD millions,2025,18,https://www.microsoft.com/investor/reports/ar25/index.html
2023,cashflow,closing_cash,34704.0,USD millions,2025,18,https://www.microsoft.com/investor/reports/ar25/index.html
2023,cashflow,impairments,0.0,USD millions,2025,18,https://www.microsoft.com/investor/reports/ar25/index.html
2023,cashflow,securities_lending_cf,0.0,USD millions,2025,18,https://www.microsoft.com/investor/reports/ar25/index.html
2023,cashflow,debt_exchange_cash_premium,0.0,USD millions,2025,18,https://www.microsoft.com/investor/reports/ar25/index.html
2023,cashflow,other_operating_adjustments,0.0,USD millions,2025,18,https://www.microsoft.com/investor/reports/ar25/index.html
2024,income,revenue,245122.0,USD millions,2026,24,https://www.sec.gov/Archives/edgar/data/789019/000119312526323660/msft-20260630.htm
2024,income,cogs,74114.0,USD millions,2026,24,https://www.sec.gov/Archives/edgar/data/789019/000119312526323660/msft-20260630.htm
2024,income,gross_profit,171008.0,USD millions,2026,24,https://www.sec.gov/Archives/edgar/data/789019/000119312526323660/msft-20260630.htm
2024,income,rd,29510.0,USD millions,2026,24,https://www.sec.gov/Archives/edgar/data/789019/000119312526323660/msft-20260630.htm
2024,income,sales_marketing,24456.0,USD millions,2026,24,https://www.sec.gov/Archives/edgar/data/789019/000119312526323660/msft-20260630.htm
2024,income,ga,7609.0,USD millions,2026,24,https://www.sec.gov/Archives/edgar/data/789019/000119312526323660/msft-20260630.htm
2024,income,operating_income,109433.0,USD millions,2026,24,https://www.sec.gov/Archives/edgar/data/789019/000119312526323660/msft-20260630.htm
2024,income,other_income,-1646.0,USD millions,2026,24,https://www.sec.gov/Archives/edgar/data/789019/000119312526323660/msft-20260630.htm
2024,income,pretax_income,107787.0,USD millions,2026,24,https://www.sec.gov/Archives/edgar/data/789019/000119312526323660/msft-20260630.htm
2024,income,income_tax,19651.0,USD millions,2026,24,https://www.sec.gov/Archives/edgar/data/789019/000119312526323660/msft-20260630.htm
2024,income,net_income,88136.0,USD millions,2026,24,https://www.sec.gov/Archives/edgar/data/789019/000119312526323660/msft-20260630.htm
2024,income,eps_basic,11.86,USD per share,2026,24,https://www.sec.gov/Archives/edgar/data/789019/000119312526323660/msft-20260630.htm
2024,income,eps_diluted,11.8,USD per share,2026,24,https://www.sec.gov/Archives/edgar/data/789019/000119312526323660/msft-20260630.htm
2024,income,shares_basic,7431.0,million shares,2026,24,https://www.sec.gov/Archives/edgar/data/789019/000119312526323660/msft-20260630.htm
2024,income,shares_diluted,7469.0,million shares,2026,24,https://www.sec.gov/Archives/edgar/data/789019/000119312526323660/msft-20260630.htm
2024,income,other_opex,0.0,USD millions,2026,24,https://www.sec.gov/Archives/edgar/data/789019/000119312526323660/msft-20260630.htm
2024,balance,cash,18315.0,USD millions,2025,17,https://www.microsoft.com/investor/reports/ar25/index.html
2024,balance,st_investments,57228.0,USD millions,2025,17,https://www.microsoft.com/investor/reports/ar25/index.html
2024,balance,liquid_assets,75543.0,USD millions,2025,17,https://www.microsoft.com/investor/reports/ar25/index.html
2024,balance,receivables,56924.0,USD millions,2025,17,https://www.microsoft.com/investor/reports/ar25/index.html
2024,balance,inventory,1246.0,USD millions,2025,17,https://www.microsoft.com/investor/reports/ar25/index.html
2024,balance,other_current_assets,26021.0,USD millions,2025,17,https://www.microsoft.com/investor/reports/ar25/index.html
2024,balance,current_assets,159734.0,USD millions,2025,17,https://www.microsoft.com/investor/reports/ar25/index.html
2024,balance,ppe,135591.0,USD millions,2025,17,https://www.microsoft.com/investor/reports/ar25/index.html
2024,balance,op_rou,18961.0,USD millions,2025,17,https://www.microsoft.com/investor/reports/ar25/index.html
2024,balance,equity_investments,14600.0,USD millions,2025,17,https://www.microsoft.com/investor/reports/ar25/index.html
2024,balance,goodwill,119220.0,USD millions,2025,17,https://www.microsoft.com/investor/reports/ar25/index.html
2024,balance,intangibles,27597.0,USD millions,2025,17,https://www.microsoft.com/investor/reports/ar25/index.html
2024,balance,other_lt_assets,36460.0,USD millions,2025,17,https://www.microsoft.com/investor/reports/ar25/index.html
2024,balance,total_assets,512163.0,USD millions,2025,17,https://www.microsoft.com/investor/reports/ar25/index.html
2024,balance,payables,21996.0,USD millions,2025,17,https://www.microsoft.com/investor/reports/ar25/index.html
2024,balance,st_debt,6693.0,USD millions,2025,17,https://www.microsoft.com/investor/reports/ar25/index.html
2024,balance,current_debt,2249.0,USD millions,2025,17,https://www.microsoft.com/investor/reports/ar25/index.html
2024,balance,compensation,12564.0,USD millions,2025,17,https://www.microsoft.com/investor/reports/ar25/index.html
2024,balance,current_tax,5017.0,USD millions,2025,17,https://www.microsoft.com/investor/reports/ar25/index.html
2024,balance,current_deferred_rev,57582.0,USD millions,2025,17,https://www.microsoft.com/investor/reports/ar25/index.html
2024,balance,other_current_liab,19185.0,USD millions,2025,17,https://www.microsoft.com/investor/reports/ar25/index.html
2024,balance,current_liabilities,125286.0,USD millions,2025,17,https://www.microsoft.com/investor/reports/ar25/index.html
2024,balance,long_debt,42688.0,USD millions,2025,17,https://www.microsoft.com/investor/reports/ar25/index.html
2024,balance,long_tax,27931.0,USD millions,2025,17,https://www.microsoft.com/investor/reports/ar25/index.html
2024,balance,long_deferred_rev,2602.0,USD millions,2025,17,https://www.microsoft.com/investor/reports/ar25/index.html
2024,balance,deferred_tax_liab,2618.0,USD millions,2025,17,https://www.microsoft.com/investor/reports/ar25/index.html
2024,balance,op_lease_long,15497.0,USD millions,2025,17,https://www.microsoft.com/investor/reports/ar25/index.html
2024,balance,other_lt_liab,27064.0,USD millions,2025,17,https://www.microsoft.com/investor/reports/ar25/index.html
2024,balance,total_liabilities,243686.0,USD millions,2025,17,https://www.microsoft.com/investor/reports/ar25/index.html
2024,balance,paid_in_capital,100923.0,USD millions,2025,17,https://www.microsoft.com/investor/reports/ar25/index.html
2024,balance,retained_earnings,173144.0,USD millions,2025,17,https://www.microsoft.com/investor/reports/ar25/index.html
2024,balance,aoci,-5590.0,USD millions,2025,17,https://www.microsoft.com/investor/reports/ar25/index.html
2024,balance,total_equity,268477.0,USD millions,2025,17,https://www.microsoft.com/investor/reports/ar25/index.html
2024,balance,total_le,512163.0,USD millions,2025,17,https://www.microsoft.com/investor/reports/ar25/index.html
2024,balance,securities_lending,0.0,USD millions,2025,17,https://www.microsoft.com/investor/reports/ar25/index.html
2024,cashflow,net_income,88136.0,USD millions,2026,27,https://www.sec.gov/Archives/edgar/data/789019/000119312526323660/msft-20260630.htm
2024,cashflow,da_other,20958.0,USD millions,2026,27,https://www.sec.gov/Archives/edgar/data/789019/000119312526323660/msft-20260630.htm
2024,cashflow,sbc,10734.0,USD millions,2026,27,https://www.sec.gov/Archives/edgar/data/789019/000119312526323660/msft-20260630.htm
2024,cashflow,investment_adjustment,1634.0,USD millions,2026,27,https://www.sec.gov/Archives/edgar/data/789019/000119312526323660/msft-20260630.htm
2024,cashflow,deferred_taxes,-4738.0,USD millions,2026,27,https://www.sec.gov/Archives/edgar/data/789019/000119312526323660/msft-20260630.htm
2024,cashflow,ar_change,-7191.0,USD millions,2026,27,https://www.sec.gov/Archives/edgar/data/789019/000119312526323660/msft-20260630.htm
2024,cashflow,inventory_change,1284.0,USD millions,2026,27,https://www.sec.gov/Archives/edgar/data/789019/000119312526323660/msft-20260630.htm
2024,cashflow,other_ca_change,-1648.0,USD millions,2026,27,https://www.sec.gov/Archives/edgar/data/789019/000119312526323660/msft-20260630.htm
2024,cashflow,other_lta_change,-6817.0,USD millions,2026,27,https://www.sec.gov/Archives/edgar/data/789019/000119312526323660/msft-20260630.htm
2024,cashflow,ap_change,3545.0,USD millions,2026,27,https://www.sec.gov/Archives/edgar/data/789019/000119312526323660/msft-20260630.htm
2024,cashflow,deferred_rev_change,5348.0,USD millions,2026,27,https://www.sec.gov/Archives/edgar/data/789019/000119312526323660/msft-20260630.htm
2024,cashflow,tax_change,1687.0,USD millions,2026,27,https://www.sec.gov/Archives/edgar/data/789019/000119312526323660/msft-20260630.htm
2024,cashflow,other_cl_change,4867.0,USD millions,2026,27,https://www.sec.gov/Archives/edgar/data/789019/000119312526323660/msft-20260630.htm
2024,cashflow,other_ltl_change,749.0,USD millions,2026,27,https://www.sec.gov/Archives/edgar/data/789019/000119312526323660/msft-20260630.htm
2024,cashflow,cfo,118548.0,USD millions,2026,27,https://www.sec.gov/Archives/edgar/data/789019/000119312526323660/msft-20260630.htm
2024,cashflow,net_st_debt,5250.0,USD millions,2026,27,https://www.sec.gov/Archives/edgar/data/789019/000119312526323660/msft-20260630.htm
2024,cashflow,debt_issued,24395.0,USD millions,2026,27,https://www.sec.gov/Archives/edgar/data/789019/000119312526323660/msft-20260630.htm
2024,cashflow,debt_repaid,-29070.0,USD millions,2026,27,https://www.sec.gov/Archives/edgar/data/789019/000119312526323660/msft-20260630.htm
2024,cashflow,stock_issued,2002.0,USD millions,2026,27,https://www.sec.gov/Archives/edgar/data/789019/000119312526323660/msft-20260630.htm
2024,cashflow,buybacks,-17254.0,USD millions,2026,27,https://www.sec.gov/Archives/edgar/data/789019/000119312526323660/msft-20260630.htm
2024,cashflow,dividends,-21771.0,USD millions,2026,27,https://www.sec.gov/Archives/edgar/data/789019/000119312526323660/msft-20260630.htm
2024,cashflow,other_financing,-1309.0,USD millions,2026,27,https://www.sec.gov/Archives/edgar/data/789019/000119312526323660/msft-20260630.htm
2024,cashflow,cff,-37757.0,USD millions,2026,27,https://www.sec.gov/Archives/edgar/data/789019/000119312526323660/msft-20260630.htm
2024,cashflow,capex,-44477.0,USD millions,2026,27,https://www.sec.gov/Archives/edgar/data/789019/000119312526323660/msft-20260630.htm
2024,cashflow,acquisitions,-69132.0,USD millions,2026,27,https://www.sec.gov/Archives/edgar/data/789019/000119312526323660/msft-20260630.htm
2024,cashflow,investments_purchased,-17732.0,USD millions,2026,27,https://www.sec.gov/Archives/edgar/data/789019/000119312526323660/msft-20260630.htm
2024,cashflow,investments_matured,24775.0,USD millions,2026,27,https://www.sec.gov/Archives/edgar/data/789019/000119312526323660/msft-20260630.htm
2024,cashflow,investments_sold,10894.0,USD millions,2026,27,https://www.sec.gov/Archives/edgar/data/789019/000119312526323660/msft-20260630.htm
2024,cashflow,other_investing,-1298.0,USD millions,2026,27,https://www.sec.gov/Archives/edgar/data/789019/000119312526323660/msft-20260630.htm
2024,cashflow,cfi,-96970.0,USD millions,2026,27,https://www.sec.gov/Archives/edgar/data/789019/000119312526323660/msft-20260630.htm
2024,cashflow,fx_cash,-210.0,USD millions,2026,27,https://www.sec.gov/Archives/edgar/data/789019/000119312526323660/msft-20260630.htm
2024,cashflow,cash_change,-16389.0,USD millions,2026,27,https://www.sec.gov/Archives/edgar/data/789019/000119312526323660/msft-20260630.htm
2024,cashflow,opening_cash,34704.0,USD millions,2026,27,https://www.sec.gov/Archives/edgar/data/789019/000119312526323660/msft-20260630.htm
2024,cashflow,closing_cash,18315.0,USD millions,2026,27,https://www.sec.gov/Archives/edgar/data/789019/000119312526323660/msft-20260630.htm
2024,cashflow,impairments,0.0,USD millions,2026,27,https://www.sec.gov/Archives/edgar/data/789019/000119312526323660/msft-20260630.htm
2024,cashflow,securities_lending_cf,0.0,USD millions,2026,27,https://www.sec.gov/Archives/edgar/data/789019/000119312526323660/msft-20260630.htm
2024,cashflow,debt_exchange_cash_premium,0.0,USD millions,2026,27,https://www.sec.gov/Archives/edgar/data/789019/000119312526323660/msft-20260630.htm
2024,cashflow,other_operating_adjustments,0.0,USD millions,2026,27,https://www.sec.gov/Archives/edgar/data/789019/000119312526323660/msft-20260630.htm
2025,income,revenue,281724.0,USD millions,2026,24,https://www.sec.gov/Archives/edgar/data/789019/000119312526323660/msft-20260630.htm
2025,income,cogs,87831.0,USD millions,2026,24,https://www.sec.gov/Archives/edgar/data/789019/000119312526323660/msft-20260630.htm
2025,income,gross_profit,193893.0,USD millions,2026,24,https://www.sec.gov/Archives/edgar/data/789019/000119312526323660/msft-20260630.htm
2025,income,rd,32488.0,USD millions,2026,24,https://www.sec.gov/Archives/edgar/data/789019/000119312526323660/msft-20260630.htm
2025,income,sales_marketing,25654.0,USD millions,2026,24,https://www.sec.gov/Archives/edgar/data/789019/000119312526323660/msft-20260630.htm
2025,income,ga,7223.0,USD millions,2026,24,https://www.sec.gov/Archives/edgar/data/789019/000119312526323660/msft-20260630.htm
2025,income,operating_income,128528.0,USD millions,2026,24,https://www.sec.gov/Archives/edgar/data/789019/000119312526323660/msft-20260630.htm
2025,income,other_income,-4901.0,USD millions,2026,24,https://www.sec.gov/Archives/edgar/data/789019/000119312526323660/msft-20260630.htm
2025,income,pretax_income,123627.0,USD millions,2026,24,https://www.sec.gov/Archives/edgar/data/789019/000119312526323660/msft-20260630.htm
2025,income,income_tax,21795.0,USD millions,2026,24,https://www.sec.gov/Archives/edgar/data/789019/000119312526323660/msft-20260630.htm
2025,income,net_income,101832.0,USD millions,2026,24,https://www.sec.gov/Archives/edgar/data/789019/000119312526323660/msft-20260630.htm
2025,income,eps_basic,13.7,USD per share,2026,24,https://www.sec.gov/Archives/edgar/data/789019/000119312526323660/msft-20260630.htm
2025,income,eps_diluted,13.64,USD per share,2026,24,https://www.sec.gov/Archives/edgar/data/789019/000119312526323660/msft-20260630.htm
2025,income,shares_basic,7433.0,million shares,2026,24,https://www.sec.gov/Archives/edgar/data/789019/000119312526323660/msft-20260630.htm
2025,income,shares_diluted,7465.0,million shares,2026,24,https://www.sec.gov/Archives/edgar/data/789019/000119312526323660/msft-20260630.htm
2025,income,other_opex,0.0,USD millions,2026,24,https://www.sec.gov/Archives/edgar/data/789019/000119312526323660/msft-20260630.htm
2025,balance,cash,30242.0,USD millions,2026,26,https://www.sec.gov/Archives/edgar/data/789019/000119312526323660/msft-20260630.htm
2025,balance,st_investments,64323.0,USD millions,2026,26,https://www.sec.gov/Archives/edgar/data/789019/000119312526323660/msft-20260630.htm
2025,balance,liquid_assets,94565.0,USD millions,2026,26,https://www.sec.gov/Archives/edgar/data/789019/000119312526323660/msft-20260630.htm
2025,balance,receivables,69905.0,USD millions,2026,26,https://www.sec.gov/Archives/edgar/data/789019/000119312526323660/msft-20260630.htm
2025,balance,inventory,938.0,USD millions,2026,26,https://www.sec.gov/Archives/edgar/data/789019/000119312526323660/msft-20260630.htm
2025,balance,other_current_assets,25723.0,USD millions,2026,26,https://www.sec.gov/Archives/edgar/data/789019/000119312526323660/msft-20260630.htm
2025,balance,current_assets,191131.0,USD millions,2026,26,https://www.sec.gov/Archives/edgar/data/789019/000119312526323660/msft-20260630.htm
2025,balance,ppe,204966.0,USD millions,2026,26,https://www.sec.gov/Archives/edgar/data/789019/000119312526323660/msft-20260630.htm
2025,balance,op_rou,24823.0,USD millions,2026,26,https://www.sec.gov/Archives/edgar/data/789019/000119312526323660/msft-20260630.htm
2025,balance,equity_investments,15405.0,USD millions,2026,26,https://www.sec.gov/Archives/edgar/data/789019/000119312526323660/msft-20260630.htm
2025,balance,goodwill,119509.0,USD millions,2026,26,https://www.sec.gov/Archives/edgar/data/789019/000119312526323660/msft-20260630.htm
2025,balance,intangibles,22604.0,USD millions,2026,26,https://www.sec.gov/Archives/edgar/data/789019/000119312526323660/msft-20260630.htm
2025,balance,other_lt_assets,40565.0,USD millions,2026,26,https://www.sec.gov/Archives/edgar/data/789019/000119312526323660/msft-20260630.htm
2025,balance,total_assets,619003.0,USD millions,2026,26,https://www.sec.gov/Archives/edgar/data/789019/000119312526323660/msft-20260630.htm
2025,balance,payables,27724.0,USD millions,2026,26,https://www.sec.gov/Archives/edgar/data/789019/000119312526323660/msft-20260630.htm
2025,balance,current_debt,2999.0,USD millions,2026,26,https://www.sec.gov/Archives/edgar/data/789019/000119312526323660/msft-20260630.htm
2025,balance,compensation,13709.0,USD millions,2026,26,https://www.sec.gov/Archives/edgar/data/789019/000119312526323660/msft-20260630.htm
2025,balance,current_tax,7211.0,USD millions,2026,26,https://www.sec.gov/Archives/edgar/data/789019/000119312526323660/msft-20260630.htm
2025,balance,current_deferred_rev,64555.0,USD millions,2026,26,https://www.sec.gov/Archives/edgar/data/789019/000119312526323660/msft-20260630.htm
2025,balance,other_current_liab,25020.0,USD millions,2026,26,https://www.sec.gov/Archives/edgar/data/789019/000119312526323660/msft-20260630.htm
2025,balance,current_liabilities,141218.0,USD millions,2026,26,https://www.sec.gov/Archives/edgar/data/789019/000119312526323660/msft-20260630.htm
2025,balance,long_debt,40152.0,USD millions,2026,26,https://www.sec.gov/Archives/edgar/data/789019/000119312526323660/msft-20260630.htm
2025,balance,long_tax,25986.0,USD millions,2026,26,https://www.sec.gov/Archives/edgar/data/789019/000119312526323660/msft-20260630.htm
2025,balance,long_deferred_rev,2710.0,USD millions,2026,26,https://www.sec.gov/Archives/edgar/data/789019/000119312526323660/msft-20260630.htm
2025,balance,deferred_tax_liab,2835.0,USD millions,2026,26,https://www.sec.gov/Archives/edgar/data/789019/000119312526323660/msft-20260630.htm
2025,balance,op_lease_long,17437.0,USD millions,2026,26,https://www.sec.gov/Archives/edgar/data/789019/000119312526323660/msft-20260630.htm
2025,balance,other_lt_liab,45186.0,USD millions,2026,26,https://www.sec.gov/Archives/edgar/data/789019/000119312526323660/msft-20260630.htm
2025,balance,total_liabilities,275524.0,USD millions,2026,26,https://www.sec.gov/Archives/edgar/data/789019/000119312526323660/msft-20260630.htm
2025,balance,paid_in_capital,109095.0,USD millions,2026,26,https://www.sec.gov/Archives/edgar/data/789019/000119312526323660/msft-20260630.htm
2025,balance,retained_earnings,237731.0,USD millions,2026,26,https://www.sec.gov/Archives/edgar/data/789019/000119312526323660/msft-20260630.htm
2025,balance,aoci,-3347.0,USD millions,2026,26,https://www.sec.gov/Archives/edgar/data/789019/000119312526323660/msft-20260630.htm
2025,balance,total_equity,343479.0,USD millions,2026,26,https://www.sec.gov/Archives/edgar/data/789019/000119312526323660/msft-20260630.htm
2025,balance,total_le,619003.0,USD millions,2026,26,https://www.sec.gov/Archives/edgar/data/789019/000119312526323660/msft-20260630.htm
2025,balance,st_debt,0.0,USD millions,2026,26,https://www.sec.gov/Archives/edgar/data/789019/000119312526323660/msft-20260630.htm
2025,balance,securities_lending,0.0,USD millions,2026,26,https://www.sec.gov/Archives/edgar/data/789019/000119312526323660/msft-20260630.htm
2025,cashflow,net_income,101832.0,USD millions,2026,27,https://www.sec.gov/Archives/edgar/data/789019/000119312526323660/msft-20260630.htm
2025,cashflow,da_other,29433.0,USD millions,2026,27,https://www.sec.gov/Archives/edgar/data/789019/000119312526323660/msft-20260630.htm
2025,cashflow,sbc,11974.0,USD millions,2026,27,https://www.sec.gov/Archives/edgar/data/789019/000119312526323660/msft-20260630.htm
2025,cashflow,investment_adjustment,5329.0,USD millions,2026,27,https://www.sec.gov/Archives/edgar/data/789019/000119312526323660/msft-20260630.htm
2025,cashflow,deferred_taxes,-7056.0,USD millions,2026,27,https://www.sec.gov/Archives/edgar/data/789019/000119312526323660/msft-20260630.htm
2025,cashflow,ar_change,-10581.0,USD millions,2026,27,https://www.sec.gov/Archives/edgar/data/789019/000119312526323660/msft-20260630.htm
2025,cashflow,inventory_change,309.0,USD millions,2026,27,https://www.sec.gov/Archives/edgar/data/789019/000119312526323660/msft-20260630.htm
2025,cashflow,other_ca_change,-3044.0,USD millions,2026,27,https://www.sec.gov/Archives/edgar/data/789019/000119312526323660/msft-20260630.htm
2025,cashflow,other_lta_change,-2950.0,USD millions,2026,27,https://www.sec.gov/Archives/edgar/data/789019/000119312526323660/msft-20260630.htm
2025,cashflow,ap_change,569.0,USD millions,2026,27,https://www.sec.gov/Archives/edgar/data/789019/000119312526323660/msft-20260630.htm
2025,cashflow,deferred_rev_change,5438.0,USD millions,2026,27,https://www.sec.gov/Archives/edgar/data/789019/000119312526323660/msft-20260630.htm
2025,cashflow,tax_change,-38.0,USD millions,2026,27,https://www.sec.gov/Archives/edgar/data/789019/000119312526323660/msft-20260630.htm
2025,cashflow,other_cl_change,5922.0,USD millions,2026,27,https://www.sec.gov/Archives/edgar/data/789019/000119312526323660/msft-20260630.htm
2025,cashflow,other_ltl_change,-975.0,USD millions,2026,27,https://www.sec.gov/Archives/edgar/data/789019/000119312526323660/msft-20260630.htm
2025,cashflow,cfo,136162.0,USD millions,2026,27,https://www.sec.gov/Archives/edgar/data/789019/000119312526323660/msft-20260630.htm
2025,cashflow,net_st_debt,-5746.0,USD millions,2026,27,https://www.sec.gov/Archives/edgar/data/789019/000119312526323660/msft-20260630.htm
2025,cashflow,debt_issued,0.0,USD millions,2026,27,https://www.sec.gov/Archives/edgar/data/789019/000119312526323660/msft-20260630.htm
2025,cashflow,debt_repaid,-3216.0,USD millions,2026,27,https://www.sec.gov/Archives/edgar/data/789019/000119312526323660/msft-20260630.htm
2025,cashflow,stock_issued,2056.0,USD millions,2026,27,https://www.sec.gov/Archives/edgar/data/789019/000119312526323660/msft-20260630.htm
2025,cashflow,buybacks,-18420.0,USD millions,2026,27,https://www.sec.gov/Archives/edgar/data/789019/000119312526323660/msft-20260630.htm
2025,cashflow,dividends,-24082.0,USD millions,2026,27,https://www.sec.gov/Archives/edgar/data/789019/000119312526323660/msft-20260630.htm
2025,cashflow,other_financing,-2291.0,USD millions,2026,27,https://www.sec.gov/Archives/edgar/data/789019/000119312526323660/msft-20260630.htm
2025,cashflow,cff,-51699.0,USD millions,2026,27,https://www.sec.gov/Archives/edgar/data/789019/000119312526323660/msft-20260630.htm
2025,cashflow,capex,-64551.0,USD millions,2026,27,https://www.sec.gov/Archives/edgar/data/789019/000119312526323660/msft-20260630.htm
2025,cashflow,acquisitions,-5978.0,USD millions,2026,27,https://www.sec.gov/Archives/edgar/data/789019/000119312526323660/msft-20260630.htm
2025,cashflow,investments_purchased,-29775.0,USD millions,2026,27,https://www.sec.gov/Archives/edgar/data/789019/000119312526323660/msft-20260630.htm
2025,cashflow,investments_matured,16079.0,USD millions,2026,27,https://www.sec.gov/Archives/edgar/data/789019/000119312526323660/msft-20260630.htm
2025,cashflow,investments_sold,9309.0,USD millions,2026,27,https://www.sec.gov/Archives/edgar/data/789019/000119312526323660/msft-20260630.htm
2025,cashflow,other_investing,2317.0,USD millions,2026,27,https://www.sec.gov/Archives/edgar/data/789019/000119312526323660/msft-20260630.htm
2025,cashflow,cfi,-72599.0,USD millions,2026,27,https://www.sec.gov/Archives/edgar/data/789019/000119312526323660/msft-20260630.htm
2025,cashflow,fx_cash,63.0,USD millions,2026,27,https://www.sec.gov/Archives/edgar/data/789019/000119312526323660/msft-20260630.htm
2025,cashflow,cash_change,11927.0,USD millions,2026,27,https://www.sec.gov/Archives/edgar/data/789019/000119312526323660/msft-20260630.htm
2025,cashflow,opening_cash,18315.0,USD millions,2026,27,https://www.sec.gov/Archives/edgar/data/789019/000119312526323660/msft-20260630.htm
2025,cashflow,closing_cash,30242.0,USD millions,2026,27,https://www.sec.gov/Archives/edgar/data/789019/000119312526323660/msft-20260630.htm
2025,cashflow,impairments,0.0,USD millions,2026,27,https://www.sec.gov/Archives/edgar/data/789019/000119312526323660/msft-20260630.htm
2025,cashflow,securities_lending_cf,0.0,USD millions,2026,27,https://www.sec.gov/Archives/edgar/data/789019/000119312526323660/msft-20260630.htm
2025,cashflow,debt_exchange_cash_premium,0.0,USD millions,2026,27,https://www.sec.gov/Archives/edgar/data/789019/000119312526323660/msft-20260630.htm
2025,cashflow,other_operating_adjustments,0.0,USD millions,2026,27,https://www.sec.gov/Archives/edgar/data/789019/000119312526323660/msft-20260630.htm
2026,income,revenue,331839.0,USD millions,2026,24,https://www.sec.gov/Archives/edgar/data/789019/000119312526323660/msft-20260630.htm
2026,income,cogs,106374.0,USD millions,2026,24,https://www.sec.gov/Archives/edgar/data/789019/000119312526323660/msft-20260630.htm
2026,income,gross_profit,225465.0,USD millions,2026,24,https://www.sec.gov/Archives/edgar/data/789019/000119312526323660/msft-20260630.htm
2026,income,rd,35562.0,USD millions,2026,24,https://www.sec.gov/Archives/edgar/data/789019/000119312526323660/msft-20260630.htm
2026,income,sales_marketing,26710.0,USD millions,2026,24,https://www.sec.gov/Archives/edgar/data/789019/000119312526323660/msft-20260630.htm
2026,income,ga,7956.0,USD millions,2026,24,https://www.sec.gov/Archives/edgar/data/789019/000119312526323660/msft-20260630.htm
2026,income,operating_income,155237.0,USD millions,2026,24,https://www.sec.gov/Archives/edgar/data/789019/000119312526323660/msft-20260630.htm
2026,income,other_income,10697.0,USD millions,2026,24,https://www.sec.gov/Archives/edgar/data/789019/000119312526323660/msft-20260630.htm
2026,income,pretax_income,165934.0,USD millions,2026,24,https://www.sec.gov/Archives/edgar/data/789019/000119312526323660/msft-20260630.htm
2026,income,income_tax,32185.0,USD millions,2026,24,https://www.sec.gov/Archives/edgar/data/789019/000119312526323660/msft-20260630.htm
2026,income,net_income,133749.0,USD millions,2026,24,https://www.sec.gov/Archives/edgar/data/789019/000119312526323660/msft-20260630.htm
2026,income,eps_basic,18.0,USD per share,2026,24,https://www.sec.gov/Archives/edgar/data/789019/000119312526323660/msft-20260630.htm
2026,income,eps_diluted,17.95,USD per share,2026,24,https://www.sec.gov/Archives/edgar/data/789019/000119312526323660/msft-20260630.htm
2026,income,shares_basic,7429.0,million shares,2026,24,https://www.sec.gov/Archives/edgar/data/789019/000119312526323660/msft-20260630.htm
2026,income,shares_diluted,7453.0,million shares,2026,24,https://www.sec.gov/Archives/edgar/data/789019/000119312526323660/msft-20260630.htm
2026,income,other_opex,0.0,USD millions,2026,24,https://www.sec.gov/Archives/edgar/data/789019/000119312526323660/msft-20260630.htm
2026,balance,cash,20935.0,USD millions,2026,26,https://www.sec.gov/Archives/edgar/data/789019/000119312526323660/msft-20260630.htm
2026,balance,st_investments,55908.0,USD millions,2026,26,https://www.sec.gov/Archives/edgar/data/789019/000119312526323660/msft-20260630.htm
2026,balance,liquid_assets,76843.0,USD millions,2026,26,https://www.sec.gov/Archives/edgar/data/789019/000119312526323660/msft-20260630.htm
2026,balance,receivables,80876.0,USD millions,2026,26,https://www.sec.gov/Archives/edgar/data/789019/000119312526323660/msft-20260630.htm
2026,balance,inventory,1397.0,USD millions,2026,26,https://www.sec.gov/Archives/edgar/data/789019/000119312526323660/msft-20260630.htm
2026,balance,other_current_assets,48594.0,USD millions,2026,26,https://www.sec.gov/Archives/edgar/data/789019/000119312526323660/msft-20260630.htm
2026,balance,current_assets,207710.0,USD millions,2026,26,https://www.sec.gov/Archives/edgar/data/789019/000119312526323660/msft-20260630.htm
2026,balance,ppe,313076.0,USD millions,2026,26,https://www.sec.gov/Archives/edgar/data/789019/000119312526323660/msft-20260630.htm
2026,balance,op_rou,24177.0,USD millions,2026,26,https://www.sec.gov/Archives/edgar/data/789019/000119312526323660/msft-20260630.htm
2026,balance,equity_investments,36348.0,USD millions,2026,26,https://www.sec.gov/Archives/edgar/data/789019/000119312526323660/msft-20260630.htm
2026,balance,goodwill,119651.0,USD millions,2026,26,https://www.sec.gov/Archives/edgar/data/789019/000119312526323660/msft-20260630.htm
2026,balance,intangibles,18609.0,USD millions,2026,26,https://www.sec.gov/Archives/edgar/data/789019/000119312526323660/msft-20260630.htm
2026,balance,other_lt_assets,38805.0,USD millions,2026,26,https://www.sec.gov/Archives/edgar/data/789019/000119312526323660/msft-20260630.htm
2026,balance,total_assets,758376.0,USD millions,2026,26,https://www.sec.gov/Archives/edgar/data/789019/000119312526323660/msft-20260630.htm
2026,balance,payables,42416.0,USD millions,2026,26,https://www.sec.gov/Archives/edgar/data/789019/000119312526323660/msft-20260630.htm
2026,balance,current_debt,9227.0,USD millions,2026,26,https://www.sec.gov/Archives/edgar/data/789019/000119312526323660/msft-20260630.htm
2026,balance,compensation,14945.0,USD millions,2026,26,https://www.sec.gov/Archives/edgar/data/789019/000119312526323660/msft-20260630.htm
2026,balance,current_tax,2534.0,USD millions,2026,26,https://www.sec.gov/Archives/edgar/data/789019/000119312526323660/msft-20260630.htm
2026,balance,current_deferred_rev,72965.0,USD millions,2026,26,https://www.sec.gov/Archives/edgar/data/789019/000119312526323660/msft-20260630.htm
2026,balance,other_current_liab,26738.0,USD millions,2026,26,https://www.sec.gov/Archives/edgar/data/789019/000119312526323660/msft-20260630.htm
2026,balance,current_liabilities,168825.0,USD millions,2026,26,https://www.sec.gov/Archives/edgar/data/789019/000119312526323660/msft-20260630.htm
2026,balance,long_debt,31067.0,USD millions,2026,26,https://www.sec.gov/Archives/edgar/data/789019/000119312526323660/msft-20260630.htm
2026,balance,long_tax,28647.0,USD millions,2026,26,https://www.sec.gov/Archives/edgar/data/789019/000119312526323660/msft-20260630.htm
2026,balance,long_deferred_rev,2747.0,USD millions,2026,26,https://www.sec.gov/Archives/edgar/data/789019/000119312526323660/msft-20260630.htm
2026,balance,deferred_tax_liab,3054.0,USD millions,2026,26,https://www.sec.gov/Archives/edgar/data/789019/000119312526323660/msft-20260630.htm
2026,balance,op_lease_long,16532.0,USD millions,2026,26,https://www.sec.gov/Archives/edgar/data/789019/000119312526323660/msft-20260630.htm
2026,balance,other_lt_liab,65117.0,USD millions,2026,26,https://www.sec.gov/Archives/edgar/data/789019/000119312526323660/msft-20260630.htm
2026,balance,total_liabilities,315989.0,USD millions,2026,26,https://www.sec.gov/Archives/edgar/data/789019/000119312526323660/msft-20260630.htm
2026,balance,paid_in_capital,117406.0,USD millions,2026,26,https://www.sec.gov/Archives/edgar/data/789019/000119312526323660/msft-20260630.htm
2026,balance,retained_earnings,328265.0,USD millions,2026,26,https://www.sec.gov/Archives/edgar/data/789019/000119312526323660/msft-20260630.htm
2026,balance,aoci,-3284.0,USD millions,2026,26,https://www.sec.gov/Archives/edgar/data/789019/000119312526323660/msft-20260630.htm
2026,balance,total_equity,442387.0,USD millions,2026,26,https://www.sec.gov/Archives/edgar/data/789019/000119312526323660/msft-20260630.htm
2026,balance,total_le,758376.0,USD millions,2026,26,https://www.sec.gov/Archives/edgar/data/789019/000119312526323660/msft-20260630.htm
2026,balance,st_debt,0.0,USD millions,2026,26,https://www.sec.gov/Archives/edgar/data/789019/000119312526323660/msft-20260630.htm
2026,balance,securities_lending,0.0,USD millions,2026,26,https://www.sec.gov/Archives/edgar/data/789019/000119312526323660/msft-20260630.htm
2026,cashflow,net_income,133749.0,USD millions,2026,27,https://www.sec.gov/Archives/edgar/data/789019/000119312526323660/msft-20260630.htm
2026,cashflow,da_other,38534.0,USD millions,2026,27,https://www.sec.gov/Archives/edgar/data/789019/000119312526323660/msft-20260630.htm
2026,cashflow,sbc,12405.0,USD millions,2026,27,https://www.sec.gov/Archives/edgar/data/789019/000119312526323660/msft-20260630.htm
2026,cashflow,investment_adjustment,-11047.0,USD millions,2026,27,https://www.sec.gov/Archives/edgar/data/789019/000119312526323660/msft-20260630.htm
2026,cashflow,deferred_taxes,14189.0,USD millions,2026,27,https://www.sec.gov/Archives/edgar/data/789019/000119312526323660/msft-20260630.htm
2026,cashflow,ar_change,-12737.0,USD millions,2026,27,https://www.sec.gov/Archives/edgar/data/789019/000119312526323660/msft-20260630.htm
2026,cashflow,inventory_change,-461.0,USD millions,2026,27,https://www.sec.gov/Archives/edgar/data/789019/000119312526323660/msft-20260630.htm
2026,cashflow,other_ca_change,-2627.0,USD millions,2026,27,https://www.sec.gov/Archives/edgar/data/789019/000119312526323660/msft-20260630.htm
2026,cashflow,other_lta_change,-3964.0,USD millions,2026,27,https://www.sec.gov/Archives/edgar/data/789019/000119312526323660/msft-20260630.htm
2026,cashflow,ap_change,5268.0,USD millions,2026,27,https://www.sec.gov/Archives/edgar/data/789019/000119312526323660/msft-20260630.htm
2026,cashflow,deferred_rev_change,9361.0,USD millions,2026,27,https://www.sec.gov/Archives/edgar/data/789019/000119312526323660/msft-20260630.htm
2026,cashflow,tax_change,-1875.0,USD millions,2026,27,https://www.sec.gov/Archives/edgar/data/789019/000119312526323660/msft-20260630.htm
2026,cashflow,other_cl_change,6847.0,USD millions,2026,27,https://www.sec.gov/Archives/edgar/data/789019/000119312526323660/msft-20260630.htm
2026,cashflow,other_ltl_change,-4707.0,USD millions,2026,27,https://www.sec.gov/Archives/edgar/data/789019/000119312526323660/msft-20260630.htm
2026,cashflow,cfo,182935.0,USD millions,2026,27,https://www.sec.gov/Archives/edgar/data/789019/000119312526323660/msft-20260630.htm
2026,cashflow,net_st_debt,0.0,USD millions,2026,27,https://www.sec.gov/Archives/edgar/data/789019/000119312526323660/msft-20260630.htm
2026,cashflow,debt_issued,0.0,USD millions,2026,27,https://www.sec.gov/Archives/edgar/data/789019/000119312526323660/msft-20260630.htm
2026,cashflow,debt_repaid,-3000.0,USD millions,2026,27,https://www.sec.gov/Archives/edgar/data/789019/000119312526323660/msft-20260630.htm
2026,cashflow,stock_issued,2009.0,USD millions,2026,27,https://www.sec.gov/Archives/edgar/data/789019/000119312526323660/msft-20260630.htm
2026,cashflow,buybacks,-22271.0,USD millions,2026,27,https://www.sec.gov/Archives/edgar/data/789019/000119312526323660/msft-20260630.htm
2026,cashflow,dividends,-26445.0,USD millions,2026,27,https://www.sec.gov/Archives/edgar/data/789019/000119312526323660/msft-20260630.htm
2026,cashflow,other_financing,-2839.0,USD millions,2026,27,https://www.sec.gov/Archives/edgar/data/789019/000119312526323660/msft-20260630.htm
2026,cashflow,cff,-52546.0,USD millions,2026,27,https://www.sec.gov/Archives/edgar/data/789019/000119312526323660/msft-20260630.htm
2026,cashflow,capex,-115948.0,USD millions,2026,27,https://www.sec.gov/Archives/edgar/data/789019/000119312526323660/msft-20260630.htm
2026,cashflow,acquisitions,-1743.0,USD millions,2026,27,https://www.sec.gov/Archives/edgar/data/789019/000119312526323660/msft-20260630.htm
2026,cashflow,investments_purchased,-58351.0,USD millions,2026,27,https://www.sec.gov/Archives/edgar/data/789019/000119312526323660/msft-20260630.htm
2026,cashflow,investments_matured,34605.0,USD millions,2026,27,https://www.sec.gov/Archives/edgar/data/789019/000119312526323660/msft-20260630.htm
2026,cashflow,investments_sold,21798.0,USD millions,2026,27,https://www.sec.gov/Archives/edgar/data/789019/000119312526323660/msft-20260630.htm
2026,cashflow,other_investing,-19861.0,USD millions,2026,27,https://www.sec.gov/Archives/edgar/data/789019/000119312526323660/msft-20260630.htm
2026,cashflow,cfi,-139500.0,USD millions,2026,27,https://www.sec.gov/Archives/edgar/data/789019/000119312526323660/msft-20260630.htm
2026,cashflow,fx_cash,-196.0,USD millions,2026,27,https://www.sec.gov/Archives/edgar/data/789019/000119312526323660/msft-20260630.htm
2026,cashflow,cash_change,-9307.0,USD millions,2026,27,https://www.sec.gov/Archives/edgar/data/789019/000119312526323660/msft-20260630.htm
2026,cashflow,opening_cash,30242.0,USD millions,2026,27,https://www.sec.gov/Archives/edgar/data/789019/000119312526323660/msft-20260630.htm
2026,cashflow,closing_cash,20935.0,USD millions,2026,27,https://www.sec.gov/Archives/edgar/data/789019/000119312526323660/msft-20260630.htm
2026,cashflow,impairments,0.0,USD millions,2026,27,https://www.sec.gov/Archives/edgar/data/789019/000119312526323660/msft-20260630.htm
2026,cashflow,securities_lending_cf,0.0,USD millions,2026,27,https://www.sec.gov/Archives/edgar/data/789019/000119312526323660/msft-20260630.htm
2026,cashflow,debt_exchange_cash_premium,0.0,USD millions,2026,27,https://www.sec.gov/Archives/edgar/data/789019/000119312526323660/msft-20260630.htm
2026,cashflow,other_operating_adjustments,0.0,USD millions,2026,27,https://www.sec.gov/Archives/edgar/data/789019/000119312526323660/msft-20260630.htm
